province;red;green;blue;type;name;continent;region
1;6;80;121;sea;Water;;
2;132;25;125;sea;Unnamed;;
3;251;124;237;sea;Unnamed;;
4;102;85;110;sea;Unnamed;;
5;58;152;145;sea;Unnamed;;
6;250;209;18;sea;Unnamed;;
7;92;90;131;sea;Unnamed;;
8;205;83;137;sea;Unnamed;;
9;30;163;146;sea;Unnamed;;
12;145;211;123;sea;Unnamed;;
13;69;140;71;sea;Unnamed;;
14;167;1;29;sea;Unnamed;;
15;189;209;196;sea;Unnamed;;
16;226;31;190;sea;Unnamed;;
17;225;72;19;sea;Unnamed;;
18;234;5;79;sea;Unnamed;;
19;190;84;118;sea;Unnamed;;
20;232;72;128;sea;Unnamed;;
21;238;9;106;sea;Unnamed;;
22;35;146;107;sea;Unnamed;;
23;200;29;156;sea;Bladefist Bay;;
24;232;73;172;sea;Unnamed;;
25;255;181;66;sea;Unnamed;;
26;33;82;112;sea;Unnamed;;
27;168;54;75;sea;Unnamed;;
28;86;158;185;sea;Unnamed;;
29;184;169;136;sea;Unnamed;;
30;236;43;102;sea;Unnamed;;
31;5;158;189;sea;Unnamed;;
32;123;92;43;sea;Unnamed;;
33;150;102;120;sea;Unnamed;;
34;140;45;166;sea;Unnamed;;
35;169;172;121;sea;Unnamed;;
36;99;254;20;sea;Unnamed;;
37;204;217;126;sea;Unnamed;;
38;89;237;37;sea;Unnamed;;
39;42;35;48;sea;Unnamed;;
40;46;79;70;sea;Unnamed;;
41;51;138;243;sea;Unnamed;;
42;187;74;36;sea;Unnamed;;
43;203;130;213;sea;Unnamed;;
44;83;13;158;sea;Unnamed;;
45;122;120;71;sea;Unnamed;;
46;29;96;108;sea;Unnamed;;
47;135;143;102;sea;Unnamed;;
48;58;54;140;sea;Unnamed;;
49;165;8;213;sea;Unnamed;;
50;66;244;17;sea;Unnamed;;
51;246;224;7;sea;Unnamed;;
52;180;80;110;sea;Unnamed;;
53;18;229;227;sea;Unnamed;;
54;5;240;100;sea;Unnamed;;
55;201;191;222;sea;Unnamed;;
56;44;59;240;sea;Unnamed;;
57;208;106;193;sea;Unnamed;;
58;116;60;82;sea;Unnamed;;
59;106;159;226;sea;Unnamed;;
60;111;207;4;sea;Unnamed;;
61;166;189;167;sea;Unnamed;;
62;186;99;6;sea;Unnamed;;
63;33;213;81;sea;Unnamed;;
64;119;147;76;sea;Unnamed;;
65;138;248;152;sea;Unnamed;;
66;240;30;98;sea;Unnamed;;
67;143;155;253;sea;Unnamed;;
68;129;253;221;sea;Unnamed;;
69;229;243;232;sea;Unnamed;;
70;162;156;44;sea;Unnamed;;
71;168;125;162;sea;Unnamed;;
72;227;87;149;sea;Unnamed;;
73;91;127;56;sea;Unnamed;;
74;96;7;252;sea;Unnamed;;
75;4;217;43;sea;Unnamed;;
76;254;133;239;sea;Unnamed;;
77;3;76;227;sea;Unnamed;;
78;194;145;71;sea;Unnamed;;
79;96;79;232;sea;Unnamed;;
80;153;228;207;sea;Unnamed;;
81;160;45;125;sea;Unnamed;;
82;226;237;204;sea;Unnamed;;
83;118;136;180;sea;Unnamed;;
84;131;163;138;sea;Unnamed;;
85;12;70;117;sea;Unnamed;;
86;246;60;255;sea;Unnamed;;
87;105;223;221;sea;Unnamed;;
88;235;223;94;sea;Unnamed;;
89;175;29;26;sea;Unnamed;;
90;116;243;218;sea;Unnamed;;
91;41;53;27;sea;Unnamed;;
92;170;145;243;sea;Unnamed;;
93;186;98;59;sea;Unnamed;;
94;249;136;153;sea;Unnamed;;
95;158;210;178;sea;Unnamed;;
96;232;54;192;sea;Unnamed;;
97;64;45;164;sea;Unnamed;;
98;194;5;138;sea;Unnamed;;
99;109;89;21;sea;Unnamed;;
100;107;40;10;sea;Unnamed;;
101;15;205;122;sea;Unnamed;;
102;205;187;41;sea;Unnamed;;
103;60;130;33;sea;Unnamed;;
104;69;156;108;sea;Unnamed;;
105;138;209;97;sea;Unnamed;;
106;98;136;232;sea;Unnamed;;
107;227;60;226;sea;Unnamed;;
108;93;16;192;sea;Unnamed;;
109;170;198;125;sea;Unnamed;;
110;26;62;190;sea;Unnamed;;
111;93;53;194;sea;Unnamed;;
112;234;168;141;sea;Unnamed;;
113;5;137;39;sea;Unnamed;;
114;18;121;247;sea;Unnamed;;
115;211;79;180;sea;Unnamed;;
116;42;30;228;sea;Unnamed;;
117;27;192;254;sea;Unnamed;;
118;52;111;72;sea;Unnamed;;
119;204;157;62;sea;Unnamed;;
120;254;221;103;sea;Unnamed;;
121;48;123;240;sea;Unnamed;;
122;36;40;199;sea;Unnamed;;
123;73;12;76;sea;Unnamed;;
124;66;193;21;sea;Unnamed;;
125;140;157;102;sea;Unnamed;;
126;142;219;105;sea;Unnamed;;
127;100;125;217;sea;Unnamed;;
128;17;155;92;sea;Unnamed;;
129;47;26;90;sea;Unnamed;;
130;214;140;7;sea;Unnamed;;
131;182;62;178;sea;Unnamed;;
132;149;163;52;sea;Unnamed;;
133;8;181;179;sea;Unnamed;;
134;47;167;12;sea;Unnamed;;
135;27;154;179;sea;Unnamed;;
136;38;52;228;sea;Unnamed;;
137;143;37;92;sea;Unnamed;;
138;43;233;50;sea;Unnamed;;
139;227;228;47;sea;Unnamed;;
140;136;214;104;sea;Unnamed;;
141;254;210;96;sea;Unnamed;;
142;168;213;94;sea;Unnamed;;
143;36;226;23;sea;Unnamed;;
144;82;48;107;sea;Unnamed;;
145;210;198;187;sea;Unnamed;;
146;41;134;83;sea;Unnamed;;
147;76;50;30;sea;Unnamed;;
148;40;6;40;sea;Unnamed;;
149;151;24;251;sea;Unnamed;;
150;60;226;140;sea;Unnamed;;
151;166;95;218;sea;Unnamed;;
152;135;15;102;sea;Unnamed;;
153;207;198;249;sea;Unnamed;;
154;95;49;113;sea;Unnamed;;
155;143;68;142;sea;Unnamed;;
156;175;254;191;sea;Unnamed;;
157;45;53;96;sea;Unnamed;;
158;108;51;206;sea;Unnamed;;
159;52;49;180;sea;Unnamed;;
160;137;183;100;sea;Unnamed;;
161;237;181;223;sea;Unnamed;;
162;230;192;106;sea;Unnamed;;
163;234;168;135;sea;Unnamed;;
164;150;163;143;sea;Unnamed;;
165;156;180;19;sea;Unnamed;;
166;159;54;54;sea;Unnamed;;
167;142;215;28;sea;Unnamed;;
168;240;146;24;sea;Granite Flow;;
169;157;103;111;sea;Light's Lake;;
170;73;224;144;sea;Light's Wash;;
171;184;39;29;sea;Vordrassil's River;;
172;167;32;40;sea;Unnamed;;
173;158;54;207;sea;Unnamed;;
174;218;51;208;sea;Unnamed;;
175;191;150;138;sea;Unnamed;;
176;128;137;28;sea;Unnamed;;
177;154;14;97;sea;Unnamed;;
178;48;208;143;sea;Unnamed;;
179;179;222;106;sea;Halvarde Wash;;
180;135;198;216;sea;Utgarde Waters;;
181;161;19;131;sea;Unnamed;;
182;106;66;74;sea;Unnamed;;
183;144;106;91;sea;Unnamed;;
184;73;182;219;sea;Unnamed;;
185;94;63;107;sea;Unnamed;;
186;122;86;109;sea;Unnamed;;
187;13;32;142;sea;Unnamed;;
188;88;69;8;sea;Unnamed;;
189;216;173;193;sea;Unnamed;;
190;9;186;185;sea;Unnamed;;
191;147;28;27;sea;Unnamed;;
192;250;75;36;sea;Unnamed;;
193;169;181;103;sea;Unnamed;;
194;255;85;213;sea;Unnamed;;
195;64;144;208;sea;Unnamed;;
196;243;72;77;sea;Unnamed;;
197;222;55;76;sea;Unnamed;;
198;47;72;159;sea;Unnamed;;
199;244;52;202;sea;Unnamed;;
200;60;197;186;sea;Unnamed;;
201;168;201;147;sea;Unnamed;;
202;40;22;206;sea;Unnamed;;
203;251;54;235;sea;Unnamed;;
204;68;22;229;sea;Unnamed;;
205;161;254;82;sea;Unnamed;;
206;182;10;255;sea;Unnamed;;
207;31;26;119;sea;Unnamed;;
208;255;7;196;sea;Unnamed;;
209;150;221;126;sea;Unnamed;;
210;115;157;151;sea;Unnamed;;
211;72;251;20;sea;Unnamed;;
212;182;22;138;sea;Unnamed;;
213;187;125;58;sea;Unnamed;;
214;130;22;243;sea;Unnamed;;
215;78;117;169;sea;Unnamed;;
216;82;141;132;sea;Unnamed;;
217;232;102;134;sea;Unnamed;;
218;175;214;105;sea;Unnamed;;
219;14;5;232;sea;Unnamed;;
220;49;157;81;sea;Unnamed;;
221;209;150;46;sea;Unnamed;;
222;92;189;0;sea;Unnamed;;
223;46;184;202;sea;Unnamed;;
224;80;12;30;sea;Unnamed;;
225;143;103;153;sea;Unnamed;;
226;242;232;104;sea;Unnamed;;
227;39;145;38;sea;Unnamed;;
228;210;186;228;sea;Unnamed;;
229;208;146;28;sea;Shalandis Coastal Waters;;
230;88;189;76;sea;Northern Windy Water;;
231;172;221;229;sea;Southern Windy Water;;
232;168;178;103;sea;Unnamed;;
233;90;218;122;sea;Unnamed;;
234;116;38;61;sea;Unnamed;;
235;235;115;25;sea;Unnamed;;
236;76;156;191;sea;Scarlet Bay;;
237;213;198;78;sea;Unnamed;;
238;168;185;205;sea;Unnamed;;
239;146;9;36;sea;Unnamed;;
240;106;168;103;sea;Northern Silverpine Waters;;
241;97;61;213;sea;Southern Silverpine Waters;;
242;202;109;86;sea;Unnamed;;
243;52;250;220;sea;Unnamed;;
244;219;51;54;sea;Keel's Bay;;
245;204;39;8;sea;Unnamed;;
246;222;60;162;sea;Gilneas Canals;;
247;90;108;65;sea;Unnamed;;
248;153;45;109;sea;Drisburg Bay;;
249;116;135;225;sea;Baradin Strand;;
250;247;178;100;sea;Baradin Flood;;
251;178;70;36;sea;Baradin Shallow;;
252;211;87;142;sea;Baradin Reef;;
253;71;154;143;sea;Baradin Wrecks;;
254;148;52;70;sea;Baradin Bay;;
255;128;172;208;sea;Boralus Deep;;
256;225;238;138;sea;Thandol Pass;;
257;37;10;24;sea;Southshore Flow;;
258;105;36;74;sea;Tarren Mill Crossing;;
259;18;195;33;sea;Tarren Mill Flow;;
260;33;90;81;sea;Aerie Crossing;;
261;106;126;220;sea;Andorhal Crossing;;
262;117;239;127;sea;Western Darrowmere;;
263;84;106;99;sea;Eastern Darrowmere;;
264;71;70;71;sea;Thondroril River;;
265;115;161;62;sea;Unnamed;;
266;129;159;35;sea;Unnamed;;
267;20;251;214;sea;Unnamed;;
268;32;107;231;sea;Unnamed;;
269;253;154;224;sea;Unnamed;;
270;237;96;141;sea;Unnamed;;
271;145;24;249;sea;Unnamed;;
272;109;183;33;sea;Unnamed;;
273;96;202;44;sea;Unnamed;;
274;241;37;44;sea;Unnamed;;
275;57;85;66;sea;Unnamed;;
276;142;101;103;sea;Unnamed;;
277;204;249;189;sea;Unnamed;;
278;62;215;201;sea;Unnamed;;
279;155;92;252;sea;Unnamed;;
280;96;146;112;sea;Unnamed;;
281;74;32;61;sea;Unnamed;;
282;148;1;26;sea;Unnamed;;
283;135;139;54;sea;Unnamed;;
284;248;255;24;sea;Unnamed;;
285;254;23;245;sea;Unnamed;;
286;52;55;236;sea;Unnamed;;
287;175;185;14;sea;Unnamed;;
288;130;79;127;sea;Unnamed;;
289;63;56;58;sea;Unnamed;;
290;87;59;17;sea;Booty Coast;;
291;8;189;113;sea;Unnamed;;
292;201;77;169;sea;Unnamed;;
293;64;88;44;sea;Unnamed;;
294;221;199;94;sea;Unnamed;;
295;231;204;56;sea;Unnamed;;
296;63;82;92;sea;Unnamed;;
297;67;55;155;sea;Unnamed;;
298;215;47;209;sea;Unnamed;;
299;168;172;143;sea;Unnamed;;
300;188;50;236;sea;Unnamed;;
301;15;250;50;sea;Unnamed;;
302;218;97;50;sea;Unnamed;;
303;196;75;239;sea;Unnamed;;
304;131;44;48;sea;Unnamed;;
305;42;128;208;sea;Unnamed;;
306;213;173;183;sea;Unnamed;;
307;76;89;234;sea;Unnamed;;
308;254;97;156;sea;Unnamed;;
309;246;84;183;sea;Unnamed;;
310;90;94;227;sea;Unnamed;;
311;183;159;208;sea;Unnamed;;
312;109;33;147;sea;Unnamed;;
313;67;66;172;sea;Unnamed;;
314;248;201;166;sea;Unnamed;;
315;222;208;148;sea;Unnamed;;
316;223;135;5;sea;Unnamed;;
317;29;45;199;sea;Unnamed;;
318;101;86;41;sea;Unnamed;;
319;70;95;208;sea;Unnamed;;
320;52;110;99;sea;Unnamed;;
321;40;88;107;sea;Unnamed;;
322;133;98;130;sea;Unnamed;;
323;145;219;89;sea;Unnamed;;
324;124;104;160;sea;Unnamed;;
325;128;62;29;sea;Unnamed;;
326;192;118;106;sea;Unnamed;;
327;192;100;147;sea;Sora Deep;;
328;51;52;199;sea;Watha Deep;;
329;63;189;82;sea;Unnamed;;
330;61;63;30;sea;Unnamed;;
331;150;146;166;sea;Unnamed;;
332;134;255;250;sea;Unnamed;;
333;41;70;50;sea;Unnamed;;
334;68;110;227;sea;Unnamed;;
335;150;223;254;sea;Unnamed;;
336;107;108;49;sea;Unnamed;;
337;17;22;150;sea;Unnamed;;
338;161;247;158;sea;Unnamed;;
339;179;21;171;sea;Unnamed;;
340;27;4;41;sea;Unnamed;;
341;206;28;244;sea;Unnamed;;
342;107;153;241;sea;Unnamed;;
343;128;133;76;sea;Unnamed;;
344;46;145;123;sea;Unnamed;;
345;207;109;204;sea;Unnamed;;
346;250;65;78;sea;Unnamed;;
347;34;193;236;sea;Unnamed;;
348;51;103;69;sea;Unnamed;;
349;22;29;235;sea;Unnamed;;
350;4;242;101;sea;Blue Sky Lake;;
351;63;77;212;sea;Amberpine River;;
352;52;31;21;sea;Amberpine Wash;;
353;40;82;122;sea;Bay of Naxxramas;;
368;20;87;132;wasteland;Outland Space;;
369;68;171;91;sea;Unnamed;;
370;140;120;10;sea;Unnamed;;
371;193;186;21;sea;Unnamed;;
372;158;249;50;sea;Unnamed;;
373;218;42;84;sea;Unnamed;;
374;22;44;210;sea;Unnamed;;
375;246;136;19;sea;Unnamed;;
376;228;3;232;sea;Unnamed;;
377;137;160;205;sea;Unnamed;;
378;119;22;35;sea;Unnamed;;
379;69;102;224;sea;Unnamed;;
380;91;45;28;sea;Unnamed;;
381;169;201;121;sea;Unnamed;;
382;255;58;168;sea;Unnamed;;
383;123;130;209;sea;Unnamed;;
384;50;80;150;sea;Unnamed;;
385;2;72;41;sea;Unnamed;;
386;71;131;94;sea;Unnamed;;
387;25;30;89;sea;Unnamed;;
388;1;169;155;sea;Unnamed;;
389;43;244;70;sea;Unnamed;;
390;116;71;49;sea;Unnamed;;
391;110;220;60;sea;Unnamed;;
392;24;232;36;sea;Unnamed;;
393;175;116;91;sea;Unnamed;;
394;192;50;254;sea;Unnamed;;
395;245;173;242;sea;Unnamed;;
396;183;138;80;sea;Unnamed;;
397;130;218;72;sea;Unnamed;;
398;80;249;52;sea;Unnamed;;
399;61;226;151;sea;Unnamed;;
400;5;10;239;sea;Unnamed;;
401;229;241;149;sea;Unnamed;;
402;112;152;238;sea;Unnamed;;
403;4;120;232;sea;Unnamed;;
404;35;24;53;sea;Unnamed;;
405;71;3;65;sea;Unnamed;;
406;170;126;122;sea;Unnamed;;
407;114;60;127;sea;Unnamed;;
408;140;235;10;sea;Unnamed;;
409;165;12;23;sea;Unnamed;;
410;14;153;149;sea;Unnamed;;
411;192;201;172;sea;Unnamed;;
412;35;93;73;sea;Unnamed;;
413;115;178;80;sea;Unnamed;;
414;114;178;66;sea;Unnamed;;
415;193;195;230;sea;Unnamed;;
417;95;248;226;sea;Unnamed;;
418;27;178;64;sea;Unnamed;;
419;199;61;229;sea;Unnamed;;
420;208;96;19;sea;Unnamed;;
421;166;124;216;sea;Unnamed;;
422;180;219;141;sea;Unnamed;;
423;77;220;28;sea;Unnamed;;
424;100;172;34;sea;Unnamed;;
425;197;104;77;sea;Unnamed;;
426;46;99;14;sea;Unnamed;;
427;97;119;78;sea;Unnamed;;
428;202;134;155;sea;Unnamed;;
429;61;22;95;sea;Unnamed;;
430;236;223;194;sea;Unnamed;;
431;234;154;106;sea;Unnamed;;
432;136;74;173;sea;Unnamed;;
433;183;16;142;sea;Unnamed;;
434;248;4;28;sea;Unnamed;;
435;218;0;99;sea;Unnamed;;
436;157;51;102;sea;Unnamed;;
437;249;52;200;sea;Unnamed;;
438;195;56;111;sea;Unnamed;;
439;27;213;13;sea;Unnamed;;
440;133;140;205;sea;Unnamed;;
441;77;20;13;sea;Unnamed;;
442;185;18;72;sea;Unnamed;;
443;251;72;152;sea;Unnamed;;
444;206;233;223;sea;Unnamed;;
445;71;77;18;sea;Unnamed;;
446;95;33;142;sea;Unnamed;;
447;246;68;79;sea;Unnamed;;
449;243;255;7;sea;Unnamed;;
450;235;76;39;sea;Unnamed;;
451;7;118;75;sea;Unnamed;;
452;112;144;35;sea;Unnamed;;
453;88;245;29;sea;Unnamed;;
454;128;198;160;sea;Unnamed;;
455;181;123;155;sea;Unnamed;;
456;225;201;168;sea;Unnamed;;
457;29;47;192;sea;Unnamed;;
458;153;15;65;sea;Unnamed;;
459;185;34;45;sea;Unnamed;;
460;218;196;149;sea;Unnamed;;
461;56;172;144;sea;Unnamed;;
462;163;245;210;sea;Unnamed;;
463;234;207;127;sea;Unnamed;;
464;144;61;33;sea;Unnamed;;
465;143;46;173;sea;Unnamed;;
466;160;100;46;sea;Unnamed;;
467;51;149;55;sea;Unnamed;;
468;110;184;24;sea;Unnamed;;
469;197;73;148;sea;Unnamed;;
470;93;130;78;sea;Unnamed;;
471;210;14;68;sea;Unnamed;;
478;3;64;178;sea;Unnamed;;
479;161;169;74;sea;Unnamed;;
484;106;49;96;sea;Unnamed;;
485;131;61;169;sea;Unnamed;;
487;239;10;156;sea;Unnamed;;
490;181;108;77;sea;Unnamed;;
491;156;228;222;sea;Unnamed;;
492;123;90;70;sea;Unnamed;;
496;86;13;77;sea;Unnamed;;
497;218;139;100;sea;Unnamed;;
498;186;3;126;sea;Unnamed;;
500;214;197;38;sea;Unnamed;;
501;95;120;10;sea;Unnamed;;
504;248;68;217;sea;Unnamed;;
508;153;95;38;wasteland;Unnamed;Pandaria;All
509;189;126;64;land;Azure Dragonshrine;;
510;185;62;155;land;Warsong Hold;;
521;255;125;215;land;Greengill Coast;;
522;101;125;54;land;Valkyrion;;
523;255;24;40;land;The Conflagration;;
526;88;124;126;land;Nesingwary Base Camp;;
529;61;124;0;land;Ruby Dragonshrine;;
530;56;60;192;land;Transitus Shield;;
541;0;124;194;land;Mountainous Ruins;;
544;193;58;64;land;Kolramas;;
545;189;122;255;land;Obsidian Dragonshrine;;
546;184;58;128;land;New Agamand;;
559;88;120;32;land;The Skyreach Pillar;;
562;65;56;0;land;Pools of Sseratus;;
563;61;120;192;land;Light's Trust;;
564;56;56;64;land;Scalawag Point;;
576;0;120;91;land;Frosthold;;
578;184;183;51;land;Sholazar Coast;;
582;193;54;255;land;Altar of Sseratus;;
583;189;118;128;land;The Forgotten Shore;;
584;184;54;0;land;Kamagua;;
595;181;181;52;land;The Makers' Overlook;;
598;65;52;192;land;Voltarus;;
599;60;116;64;land;Naxxramas;;
600;56;52;255;land;Ember Clutch;;
615;193;50;128;land;Thrym's End;;
628;255;112;90;land;Scourge Temples;;
633;65;48;64;land;Light's Reach;;
634;60;112;255;land;Wintergarde Keep;;
635;56;48;128;land;Westguard Keep;;
645;240;238;129;land;K3;;
649;193;46;0;land;Zeramas;;
651;183;46;64;land;Apothecary Camp;;
664;64;44;255;land;Ebon Watch;;
666;55;44;0;sea;Waters of Gjalerbron;;
679;188;106;64;land;Venomspite;;
680;183;42;255;land;Gjalerbron;;
690;128;42;0;land;The Dead Scar;;
692;132;41;144;land;Wildgrowth Mangal;;
695;64;40;128;land;Bloodmoon Isle;;
696;55;40;192;land;Skorn;;
706;213;231;178;land;Violet Stand;;
708;165;72;137;land;Valiance Landing Camp;;
712;192;38;64;land;Drakil'jin Ruins;;
713;187;102;255;land;The Crystal Vice;;
714;183;38;128;land;Vengeance Landing;;
726;187;165;22;land;The Fleshwerks;;
728;188;228;233;land;Ulduar;;
732;64;36;0;land;Thor Modan;;
733;59;100;192;land;Galakrond's Rest;;
734;55;36;64;land;Utgarde Keep;;
747;192;34;255;land;Dun Argol Bay;;
748;187;98;128;land;Moa'ki Harbor;;
749;183;34;0;land;Explorers' League Outpost;;
753;157;34;114;land;Dun Niffelem;;
761;255;225;120;land;Jotunheim;;
762;207;225;132;land;Rainspeaker Canopy;;
764;225;224;174;land;Terrace of the Makers;;
766;68;96;0;land;The Mosslight Pillar;;
767;64;32;192;land;Camp Oneqwah;;
769;54;32;255;land;Halvarde;;
777;255;223;0;land;Sindragosa's Fall;;
779;196;94;255;land;The Argent Stand;;
780;191;158;128;land;Dun Argol;;
781;187;94;0;land;Agmar's Hammer;;
782;182;158;192;land;Nifflevar;;
794;68;92;192;land;Gundrak;;
795;63;156;64;land;Westfall Bridage Encampment;;
796;59;92;255;land;Stars' Rest;;
797;54;156;128;land;Giant's Run;;
810;196;90;128;land;Zol'maz Stronghold;;
811;191;154;0;land;Ursoc's Den;;
812;187;90;192;land;Icemist Village;;
825;210;25;111;land;Sunreaver's Command;;
826;0;153;75;land;Frenzyheart Hill;;
827;255;24;90;land;Shadow Shore;;
828;201;24;126;land;Camp Tunka'lo;;
829;187;24;155;land;Accursed Cove;;
830;154;216;222;land;Argent Vanguard;;
832;68;88;64;land;Altar of Mam'toth;;
833;63;152;255;land;Grizzlemaw;;
834;58;188;180;land;Wintergrasp Fortress;;
835;54;152;0;land;Camp Winterhoof;;
846;187;215;128;land;Onslaught Harbor;;
849;191;150;192;land;Blue Sky Logging Grounds;;
850;186;86;64;land;Temple City of En'kilah;;
851;182;150;252;land;Fort Wildervar;;
862;81;81;255;land;Icy Wastes;;
865;63;148;128;land;Grizzly Hills;;
866;58;84;0;land;Death's Stand;;
867;54;148;192;land;Wildervar Shore;;
880;191;146;64;land;Amberpine Lodge;;
881;186;82;255;land;Taunka'le Village;;
882;181;146;128;land;Valgarde;;
893;117;18;67;land;Forlorn Woods;;
894;59;82;37;land;Grom'arsh Crash Site;;
895;81;81;192;land;Sindragosa's Peaks;;
896;238;16;102;land;Snowdrift Plains;;
898;67;80;128;land;Altar of Quetz'lun;;
899;62;144;0;land;Voidrune;;
900;58;80;192;land;The Geyser Fields;;
901;56;16;31;land;The Decrepit Flow;;
911;60;143;34;land;Argent Tournament;;
916;199;142;173;land;The Suntouched Pillar;;
917;195;78;64;land;Altar of Rhunok;;
918;190;142;255;land;Conquest Hold;;
919;186;78;128;land;Kaskala;;
930;187;205;22;land;The Bombardment;;
933;67;76;0;land;Zim'torga;;
934;62;140;192;land;Granite Springs;;
935;60;140;0;land;New Hearthglen;;
936;58;76;64;land;Fizzcrank Airstrip;;
939;35;140;126;land;The Lifeblood Pillar;;
946;250;203;224;land;Engine of the Makers;;
947;255;125;200;land;Ymirheim;;
950;190;138;128;land;Zeb'halak;;
951;185;74;0;land;Bor'gorok Outpost;;
967;62;136;64;land;Silverbrook;;
968;57;172;55;land;Amber Ledge;;
971;34;136;32;land;The Glimmering Pillar;;
982;190;134;0;land;Wyrmrest Temple;;
983;185;70;192;land;Garrosh's Landing;;
995;58;88;128;land;Azjol Nerub;;
998;91;4;48;land;Mord'rethar;;
1002;57;68;128;land;Riplash Ruins;;
1017;194;66;0;land;Altar of Har'koa;;
1018;189;130;192;land;Emerald Dragonshrine;;
1019;185;66;64;land;Riplash Strand;;
1051;61;128;128;land;The Ruined Road;;
1052;57;64;0;land;Valiance Keep;;
1065;121;38;198;land;Rutheran Village;;
1067;24;121;196;land;Dolanaar;;
1068;254;235;137;land;Starbreeze Village;;
1069;51;135;1;land;Shadowglen;;
1070;81;217;155;land;The Oracle Glade;;
1071;154;159;97;land;Gnarlpine Hold;;
1072;161;229;85;land;Gnarlpine Caves;;
1073;210;153;201;land;Darnassus;;
1074;147;83;209;land;Wyrmscar Island;;
1075;234;169;105;land;Bloodcurse Isle;;
1076;102;158;112;land;The Warp Piston;;
1077;24;90;30;land;Blood Watch;;
1078;185;41;2;land;Axxarien;;
1079;243;68;27;land;Amberweb Pass;;
1080;18;148;24;land;The Vector Coil;;
1081;118;45;219;land;Nazzivian;;
1082;82;40;198;land;Blacksilt Shore;;
1083;40;26;95;land;The Cryo Core;;
1084;188;241;196;land;Wrathscale Lair;;
1085;26;107;239;land;Kessel's Crossing;;
1086;207;161;138;land;Stillpine Hold;;
1087;79;150;231;land;The Exodar;;
1088;225;162;246;land;Emberglade;;
1089;211;248;141;land;Azure Watch;;
1090;174;115;219;land;Odesyus Landing;;
1091;60;68;134;land;Bristlelimb Village;;
1092;145;188;13;land;Silvermyst Isle;;
1093;62;114;9;land;Ammen Vale;;
1094;197;249;144;land;Nestlewood Hills;;
1095;97;217;132;land;Azure Lakes;;
1096;74;126;7;wasteland;The Erupted Mountain;;
1097;15;238;131;land;Bilgewater Lumber Yard;;
1098;28;123;115;land;KTC Oil Platform;;
1099;150;139;57;land;Gallywix Docks;;
1100;219;3;149;land;The Slave Pits;;
1101;85;11;120;land;Warchief's Lookout;;
1102;134;76;108;land;Wild Overlook;;
1103;209;203;5;land;Shipwreck Shore;;
1104;114;148;19;land;Alliance Beachhead;;
1105;205;168;25;land;Horde Base Camp;;
1106;29;20;83;land;Oomlot Village;;
1107;104;234;226;land;Ruins of Vashj'elan;;
1109;148;61;15;land;Melted Land;;
1110;131;154;131;wasteland;Redridge Mountains;;
1114;78;63;63;wasteland;Unnamed;;
1116;70;19;115;wasteland;Ghostland Mountains;;
1117;159;227;109;wasteland;Lordaeron Mountains;;
1119;15;179;38;wasteland;Greymane Mountains;;
1120;1;144;152;wasteland;Tirisfal Mountains;;
1126;148;93;63;wasteland;Aerie Peak Mountains;;
1127;172;220;26;wasteland;Stromgarde Mountains;;
1128;88;70;219;wasteland;Greymane Wall;;
1129;59;41;165;wasteland;Twilight Mountains;;
1130;113;19;185;wasteland;Grim Mountains;;
1147;245;3;100;wasteland;Burning Mountains;;
1155;243;146;217;wasteland;Unnamed;;
1159;33;99;16;wasteland;Tainted Mountains;;
1162;74;38;81;sea;Unnamed;;
1163;163;148;249;sea;Unnamed;;
1164;126;15;36;sea;Unnamed;;
1165;65;125;249;sea;Unnamed;;
1166;250;209;9;sea;Unnamed;;
1167;78;234;230;sea;Unnamed;;
1168;238;76;13;sea;Unnamed;;
1169;72;237;223;sea;Unnamed;;
1170;41;167;181;sea;Unnamed;;
1171;125;52;50;sea;Unnamed;;
1172;197;121;151;sea;Unnamed;;
1173;99;151;119;sea;Unnamed;;
1174;227;56;172;lake;Zeb'Nowa Lakes;;
1176;246;216;231;lake;Lakes of the Sun and Moon;;
1177;188;91;36;lake;Stratholme Lake;;
1178;62;15;21;lake;Northdale Lake;;
1179;62;254;213;lake;Eastwall Flow;;
1180;25;68;8;lake;Lake of the Light;;
1181;107;192;254;lake;Mereldar;;
1182;86;38;223;sea;Plagued Spring;;
1183;91;75;85;sea;Unnamed;;
1184;30;111;63;lake;Quil'danil Flow;;
1185;222;238;151;lake;Jintha'alor Lakes;;
1186;192;90;184;lake;Shadra'alor Lakes;;
1187;83;84;188;lake;Scarlet Lake;;
1188;0;77;220;lake;Waters of Brill;;
1189;122;209;198;lake;Tirisfal Lake;;
1190;96;110;239;lake;Fenrir Lake;;
1191;205;225;207;lake;Decrepit Lake;;
1192;86;215;161;lake;Greymane Lake;;
1193;160;92;229;lake;Beren's Flow;;
1194;167;234;50;lake;Tarren Lake;;
1195;143;106;107;sea;Unnamed;;
1196;169;204;30;sea;Unnamed;;
1197;47;22;31;lake;Witherbark Lake;;
1198;114;24;107;lake;Stromgarde Pools;;
1199;88;36;220;sea;Unnamed;;
1200;24;148;148;sea;Unnamed;;
1201;212;98;128;sea;Unnamed;;
1202;209;34;42;sea;Unnamed;;
1203;35;43;154;sea;Unnamed;;
1204;202;255;99;sea;Unnamed;;
1205;5;186;7;sea;Unnamed;;
1206;162;201;25;sea;Unnamed;;
1207;185;152;251;sea;Unnamed;;
1208;126;200;80;lake;Lake Algaz;;
1209;88;24;34;lake;Lake Vawser;;
1211;178;252;74;lake;Loch Modan;;
1212;11;158;58;lake;Iceflow Lake;;
1214;67;58;254;lake;Northshire River;;
1215;7;7;153;sea;Unnamed;;
1216;62;112;205;sea;Unnamed;;
1217;150;22;24;sea;Unnamed;;
1218;74;46;159;sea;Unnamed;;
1219;151;46;20;lake;Blackrock Lake;;
1220;254;170;151;lake;Lake Everstill;;
1221;35;57;182;lake;Stonard Pools;;
1222;49;172;132;lake;Zul'Gurub Lake;;
1223;62;176;35;lake;Sentinel Lake;;
1224;167;14;101;lake;Writhing Waters;;
1225;167;20;254;land;Jotunheim Shore;;
1226;237;54;177;land;Forgotten Cliffs;;
1227;109;59;224;land;Unnamed;;
1228;117;160;65;land;Thunderfall;;
1229;183;133;125;land;Unnamed;;
1230;46;113;62;lake;Amber Waters;;
1231;234;188;20;lake;Upper Geyser Pools;;
1232;20;15;166;lake;Lower Geyser Pools;;
1233;133;59;143;land;The Nexus;;
1234;207;60;82;lake;Death's Lake;;
1235;211;149;194;lake;Skyreach Flow;;
1236;154;157;125;lake;Frenzyheart Lake;;
1237;219;5;139;lake;The Maker's Lake;;
1238;4;106;75;lake;The Lost Lake;;
1240;234;82;75;lake;Lifeblood Crossing;;
1241;189;117;179;lake;River's Heart;;
1242;16;198;212;lake;Glimmering Lake;;
1243;201;60;115;lake;Icemist Lake;;
1244;169;93;207;sea;Unnamed;;
1245;133;239;73;lake;Lake of Stars;;
1246;85;16;151;sea;Unnamed;;
1247;110;19;103;lake;Moa'ki Pools;;
1250;170;99;231;lake;Silverbrook Lake;;
1251;184;8;30;sea;The Forgotten Flow;;
1253;40;214;114;lake;Grizzlemaw Lake;;
1254;47;20;64;sea;Lake of Skorn;;
1256;9;202;253;sea;Wildervar Lake;;
1257;225;230;218;lake;Lake of Giants;;
1258;156;18;142;land;North Coldarra Coast;;
1259;162;24;53;land;South Coldarra Coast;;
1260;4;1;108;land;East Coldarra Coast;;
1261;234;1;218;land;West Coldarra Coast;;
1262;51;251;49;land;The Makers' Perch;;
1263;200;109;137;land;The Savage Thicket;;
1264;239;217;235;land;The Lost Lands;;
1265;234;19;47;land;The Avalanche;;
1266;230;186;78;land;Death's Rise;;
1267;10;121;9;land;Corp'rethar;;
1268;147;113;119;land;Icecrown Citadel;;
1269;221;131;207;land;The Shadow Vault;;
1270;92;199;59;land;Aldur'thar;;
1271;250;209;229;land;Dalaran;;
1272;158;204;175;land;Forlorn Bridge;;
1273;253;126;11;land;The Unbound Thicket;;
1274;107;107;157;land;Stairs to Zul'drak;;
1275;91;68;5;land;Path to Storm Peaks;;
1276;2;33;135;land;Windrunner Overlook;;
1277;147;49;133;land;Temple of Storms;;
1278;66;90;222;land;Icy Wastes;;
1279;48;170;76;land;Ulduar Cliffs;;
1280;149;250;86;land;Brunnhildar Village;;
1281;162;179;185;land;Icy Wash;;
1282;239;143;245;land;Icy Pass;;
1283;99;44;109;land;Westwind Refugee Camp;;
1284;148;120;110;land;Drak'Tharon Keep;;
1285;85;58;19;land;Zim'torga Approach;;
1286;144;73;179;land;Gundrak Coast;;
1287;98;153;17;land;Gundrak Passage;;
1288;56;82;205;land;Howling Pass;;
1289;178;151;132;land;Venture Bay;;
1290;111;174;245;land;The Ancient Lift;;
1291;249;61;11;land;Narvir's Cradle;;
1292;6;169;4;sea;Unnamed;;
1293;113;12;33;sea;Unnamed;;
1294;121;163;123;sea;Unnamed;;
1295;238;37;82;land;Shatterspear War Camp;Kalimdor;Darkshore
1296;205;37;100;land;Shatterspear Vale;Kalimdor;Darkshore
1297;168;37;85;land;Ruins of Mathystra;Kalimdor;Darkshore
1298;162;37;45;land;Lor'danel;Kalimdor;Darkshore
1299;195;37;18;land;Bashal'Aran;Kalimdor;Darkshore
1300;238;37;15;land;Ruins of Auberdinei;Kalimdor;Darkshore
1301;223;37;90;land;Ameth' Aran;Kalimdor;Darkshore
1302;167;37;70;land;Grove of the Ancients;Kalimdor;Darkshore
1303;182;37;32;land;The Master's Glaive;Kalimdor;Darkshore
1304;160;37;32;land;Blackfathom Deeps;Kalimdor;Darkshore
1305;241;168;8;land;Orendil's Retreat;;
1306;186;168;36;land;Zoram'gar Outpost;;
1307;177;168;110;land;Maestra's Post;;
1308;190;124;18;land;The Shrine of Aessina;;
1309;223;168;98;land;Hellscream's Watch;;
1310;241;124;68;land;Astranaar;;
1311;182;124;84;land;Stardust Spire;;
1312;143;124;56;land;Raynewood Retreat;;
1313;181;124;22;land;Silverwind Refuge;;
1314;200;244;70;land;Jadefire Glen;;
1315;202;244;145;land;Emerald Sanctury;;
1316;169;244;128;land;Ruins of Constellas;;
1317;102;244;121;land;Jaedenar;;
1318;108;244;3;land;Bloodvenom Post;;
1319;55;200;226;land;Talonbranch Glade;;
1320;189;219;80;land;Ruins of Xyl;;
1321;78;39;11;land;Entrance of Timbermaw;;
1322;165;169;42;land;Timbermaw Hold;;
1323;149;122;153;land;Timbermaw Approach;;
1324;35;61;232;land;Shrine of Remulos;;
1325;38;45;11;land;Stormrage Barrow Dens;;
1326;92;28;4;land;Moonglade;;
1327;215;80;208;land;Frostsaber Rock;;
1328;81;4;76;land;The Hidden Grove;;
1329;89;213;127;land;Starfall Village;;
1330;158;177;37;land;Everlook;;
1331;235;37;17;land;Lake Kel'theril;;
1332;55;136;234;land;Mazthoril;;
1333;148;191;238;land;Frostwhisper Gorge;;
1334;73;173;153;land;Nordrassil;;
1335;130;207;63;land;The Circle of Cinders;;
1336;61;135;56;land;Shrine of Aviana;;
1337;12;242;195;land;Shrine of Goldrinn;;
1338;215;35;150;land;Grove of Aessina ;;
1339;176;186;186;land;The Regrowth;;
1340;18;191;75;land;Sanctuary of Malorne;;
1341;76;26;86;land;Sethria's Roost;;
1342;240;91;88;land;Sulfuron Spire;;
1343;70;116;69;land;Ascendant's Circle;;
1344;93;190;20;land;Gates of Sothann;;
1345;115;134;62;land;Seat of the Chosen;;
1346;35;123;167;land;The Forge of Supplication;;
1347;18;101;48;land;Doom's Vigil;;
1348;52;166;248;land;Sulfurion Path;;
1349;185;124;103;land;Splintertree Post;;
1350;241;124;42;land;Warsong Lumber Camp;;
1351;223;124;63;land;The Mor'shan Rampart;;
1352;67;118;105;land;Shadowsong Shrine;;
1353;224;124;94;land;Hyjal Approach;;
1354;182;124;51;land;Swamp of Mor'shan;;
1355;1;229;227;land;Stonetalon Peak;;
1356;103;175;45;land;Thal'darah Overlook;;
1357;215;61;95;land;Cliffwalker Post;;
1358;214;122;173;land;Thal'darah Grove;;
1359;117;185;214;land;Caverns of Thal'darah;;
1360;162;168;84;land;Farwatcher's Glen;;
1361;12;27;60;land;Sludgewerks;;
1362;235;85;40;land;Sun Rock Retreat;;
1363;237;24;0;land;Windshear Hold;;
1364;81;10;231;land;Krom'gar Fortress;;
1365;217;25;221;land;The Dry Hills;;
1366;28;58;199;land;Malaka'jin;;
1367;247;89;91;land;The Fold;;
1368;17;156;56;land;The Forgotten Pools;;
1369;165;253;178;land;Honor's Stand;;
1370;61;189;92;land;The Sludge Fen;;
1371;44;137;4;land;Nozzlepot's Outpost;;
1372;117;224;165;land;Far Watch Post;;
1373;2;161;233;land;The Crossroads;;
1374;91;136;4;land;The Wailing Caverns;;
1375;112;4;127;land;Ratchet;;
1376;137;98;46;land;The Stagnant Oasis;;
1377;184;132;99;land;Orgrimmar;;
1378;153;204;180;land;Drygulch Ravine;;
1379;209;157;210;land;Thunder Ridge;;
1380;78;66;154;land;Southfury Watershed;;
1381;117;186;148;land;Razor Hill;;
1382;33;123;51;land;Tiragarde Keep;;
1383;18;219;4;land;Valley of Trials;;
1384;113;57;201;land;Sen'jin Village;;
1385;102;34;116;land;Echo Isles;;
1386;186;139;34;land;Burnt Plains;;
1387;12;179;205;land;Nijel's Point;;
1389;53;95;50;land;Magram Territory;;
1390;201;74;110;land;Shok'thokar;;
1391;113;247;174;land;Cenarion Wildlands;;
1392;162;238;191;land;Thunder Axe Fortress;;
1393;66;195;111;land;Furion's Post;;
1394;226;71;54;land;Thargad's Camp;;
1395;110;27;59;land;Maraudon;;
1396;180;197;48;land;Gelkis Village;;
1397;136;16;228;land;Mannoroc Coven;;
1398;177;191;119;land;Shadowprey Village;;
1399;79;124;74;land;Ranazjar Isle;;
1400;186;215;164;land;Thunder Axe Plains;;
1401;218;94;134;land;Cenarion Plains;;
1402;252;186;143;land;Mannoroc Wastes;;
1403;181;194;149;land;Ranazjar Ruins;;
1405;211;29;241;land;Sunburnt Trail;;
1406;68;219;234;land;Windshear Trials;;
1407;225;29;182;land;Krom'gar Cliffs;;
1408;19;33;24;land;Krom'gar Caves;;
1409;248;212;93;land;The Dry Mountains;;
1414;187;116;127;wasteland;Frostsaber Mountains;;
1415;103;50;21;wasteland;Winterspring Mountains;Kalimdor;Winterspring
1420;64;154;44;land;Northern Barrens;;
1421;176;50;28;land;Orc Camps;;
1422;212;66;246;land;Central Barrens;;
1423;134;131;160;land;Caves of the Barrens;;
1425;87;37;35;wasteland;Southern Cliffs;Kalimdor;
1426;45;107;227;land;Orgrimmar Approach;;
1428;179;206;101;land;Tower of Eldara;;
1429;113;162;202;land;Sable Ridge;;
1430;39;149;27;land;Darnassian Camp;;
1431;5;133;77;land;Eldarath;;
1432;93;133;49;land;Ursolan;;
1433;26;118;88;land;Southern Azsharan Forest;;
1434;52;151;98;land;Ravencrest Monument;;
1435;39;209;193;land;Bilgewater Harbor;;
1436;79;133;24;land;Bear's Head;;
1438;190;57;14;land;Alcaz Island;;
1439;57;103;248;land;Northwatch Hold;;
1440;219;240;180;land;Forward Command;;
1441;44;175;10;land;Vendetta Point;;
1442;182;136;27;land;The Overgrowth;;
1443;243;83;252;land;Hunter's Hill;;
1444;59;187;92;land;Ruins of Taurajo;;
1445;241;49;209;land;The Great Gate;;
1446;22;142;5;land;Fort Triumph;;
1447;201;253;188;land;Desolation Hold;;
1448;231;168;121;land;Bael Modan;;
1449;111;28;136;land;Razorfen Kraul;;
1450;95;46;113;land;Blackhoof Village;;
1451;165;91;0;land;Brackenwall Village;;
1452;198;94;113;land;Direhorn Post;;
1453;9;189;163;land;Stonemaul Ruins;;
1454;189;91;69;land;The Wyrmbog;;
1455;32;86;30;land;Mudsprocket;;
1456;163;6;203;land;Theramore Isle;;
1457;245;54;157;land;Splithoof Heights;;
1458;178;152;191;land;Razerfen Downs;;
1459;77;65;177;land;The Great Lift;;
1460;134;216;68;land;Splithoof Trail;;
1461;132;201;77;land;Northern Swamp;;
1462;159;24;151;land;Bridge to Theramore;;
1463;217;226;57;land;Southern Swamp;;
1464;10;13;215;land;Razorfen Approach;;
1465;188;97;177;land;Sorrowful Path;;
1467;129;187;212;land;Stonetalon Pass;;
1468;54;209;8;land;Wildmane Water Well;;
1469;64;68;138;land;Camp Sungraze;;
1470;23;200;138;land;Red Rocks;;
1471;235;134;203;land;The Venture Co Mine;;
1472;79;14;142;land;Thunderhorn Water Well;;
1473;234;73;46;land;Thunder Bluff;;
1474;201;173;36;land;Bael'dun Digsite;;
1475;191;23;99;land;Bloodhoof Village;;
1476;240;100;238;land;Winterhoof Water Well;;
1477;86;11;252;land;Camp Narache;;
1482;131;174;136;land;Thunderhorn Plains;;
1483;124;177;198;land;Bloodhoof Plains;;
1484;93;159;109;land;Winterhoof Plainsi;;
1485;58;178;247;land;Ruins of Ravenwind;;
1486;4;241;216;land;Camp Ataya;;
1487;57;23;108;land;Dreamer's Rest;;
1488;173;187;155;land;Feathmoon Stronghold;;
1489;19;148;106;land;Ruins of Feathermoon;;
1490;16;12;221;land;Dire Maul;;
1491;239;138;44;land;Darkmist Ruins;;
1492;208;240;5;land;Ruins of Isildien;;
1493;236;193;164;land;Camp Mojache;;
1494;117;191;9;land;Gordunni Outpost;;
1495;157;92;228;land;Writhing Deep;;
1496;122;225;29;land;New Thalanaar;;
1497;37;187;88;land;Road to Ataya;;
1498;135;255;70;land;Feathermoon Trail;;
1499;59;118;7;land;Darkmist Woods;;
1507;248;84;47;sea;Bloodhoof Lake;;
1508;132;67;57;land;The Crystal Vale;;
1509;64;10;29;land;Hive Ash;;
1510;211;20;67;land;Staghelm Point;;
1511;55;129;26;land;Valor's Rest;;
1512;213;243;102;land;Southwind Village;;
1513;115;192;83;land;Cenarion Hold;;
1514;42;228;41;land;Twilight Base Camp;;
1515;203;234;36;land;Twilight Post;;
1516;58;62;124;land;Hive Zora;;
1517;150;144;12;land;Bones of Grakkarond;;
1518;252;16;69;land;Hive Regal;;
1519;169;199;103;land;Twilight Outpost;;
1520;203;204;83;land;Temple of Ahn'qiraj;;
1521;18;202;194;land;Ruins of Ahn'qiraj;;
1522;93;173;16;land;Ahn'qiraj Approach;;
1524;152;75;7;wasteland;Ungoro Mountains;Kalimdor;
1526;129;253;172;land;Path to Sithilis;;
1527;100;216;161;land;The Screaming Reaches;;
1528;6;54;32;land;Lakkari Tar Pits;;
1529;21;12;251;land;Fungal Rock;;
1530;183;224;3;land;The Roiling Gardens;;
1531;157;117;52;land;The Shaper's Terrace;;
1532;153;174;253;land;Marshal's Stand;;
1533;183;157;52;land;Fire Plume Ridge;;
1534;203;2;248;land;Mossy Pile;;
1535;46;68;71;land;Golakka Hot Springs;;
1536;143;54;236;land;Terror Run;;
1537;249;0;167;land;The Slithering Scar;;
1538;37;34;205;land;Path to Tanaris;;
1539;13;126;100;land;Plain of Terror;;
1540;53;235;255;land;Burning Pile;;
1541;105;172;214;land;Zul'farrak;;
1542;211;210;59;land;Sandsorrow Watch;;
1543;84;205;9;land;Gadgetzan;;
1544;117;75;69;land;Caverns of Time;;
1545;78;197;193;land;The Noxious Lair;;
1546;159;173;33;land;Dunemaul Compound;;
1547;162;217;234;land;Valley of the Watchers;;
1548;93;141;80;land;The Gaping Chasm;;
1549;234;169;185;land;Land's End Beach;;
1550;131;166;196;land;Path to Tanaris;;
1551;158;230;186;land;Isles of Tanaris;;
1552;199;104;161;land;Timeless Beach;;
1553;130;181;250;land;Dunes of Tanaris;;
1554;5;140;123;land;Ungoro Approach;;
1555;89;248;29;land;Dunemaul Dunes;;
1556;176;195;9;land;Path to Uldum;;
1557;86;168;34;land;The Cursed Landing;;
1558;115;157;177;land;Halls of Origination;;
1559;47;113;150;land;Lost City of the Tol'vir;;
1560;177;253;207;land;The Vortex Pinnacle;;
1561;193;137;254;land;Throne of the Four Winds;;
1562;45;58;163;land;Akhenet Fields;;
1563;180;115;241;land;Neferset;;
1564;63;220;201;land;Obelisk of the Sun;;
1565;11;67;194;land;Cradle of the Ancients;;
1566;142;122;152;land;Ruins of Ammon;;
1567;205;238;32;land;Schonottz's Landing;;
1568;172;132;34;land;Orsis;;
1569;162;69;189;land;Ramkahen;;
1570;173;184;229;land;Obelisk of the Stars;;
1571;191;159;9;land;Khartut's Tomb;;
1572;74;168;134;land;Obelisk of the Moon;;
1573;244;169;190;land;Temple of Uldum;;
1574;208;202;62;land;Dunes of Uldum;;
1575;38;45;247;land;Cliffs of Uldum;;
1576;160;199;104;land;Ramkahen Walls;;
1577;43;9;107;land;Roiling Dunes;;
1578;110;113;9;land;Lake of the Moon;;
1579;126;65;102;land;Southsea Holdfast;;
1580;222;69;110;land;Southern Needles;;
1581;180;83;56;land;Northern Needles;;
1582;23;200;159;land;Freewind Post;;
1583;113;246;83;land;Darkcloud Pinnacle;;
1584;18;228;27;land;Westreach Summit;;
1585;113;30;120;land;Highperch;;
1600;67;100;138;wasteland;Northern Hellfire Mountains;;
1700;93;76;29;wasteland;Bladespire Mountains;;
1718;243;188;94;land;Moonwater Retreat;;
1719;251;24;223;land;Pearlfin Village;;
1720;127;97;115;land;Paw'don Village;;
1721;204;62;81;land;Nectarbreeze Orchard;;
1722;97;44;61;land;Temple of the Jade Serpent;;
1723;192;181;3;land;Serpent's Heart;;
1724;137;194;190;land;Grookin Hill;;
1725;32;77;224;land;Dawn's Blossom;;
1726;134;209;41;land;The Arboretum;;
1727;74;92;66;land;Windward Isle;;
1728;178;234;17;land;Sri-la Village;;
1729;59;83;227;land;Tian Monastery;;
1730;77;159;240;land;Terrace of Ten Thunders;;
1731;244;132;214;land;Honeydew Village;;
1732;234;102;39;land;Emperor's Omen;;
1733;197;31;42;land;Grookin Woods;;
1734;35;116;25;land;Moonwater Islands;;
1735;238;202;218;land;Paw'don Islands;;
1736;108;169;239;land;Jade Islands;;
1737;1;50;158;land;Thunder Islands;;
1738;74;14;223;land;Moonwater Crossing;;
1739;207;49;19;land;Jade Crossing;;
1740;248;149;168;land;Serpent's Approach;;
1741;107;75;225;sea;Honeydew Lake;;
1742;178;50;218;sea;Tian Lakes;;
1743;104;149;138;sea;Sri-la River;;
1744;236;118;194;sea;Dawn Lakes;;
1745;149;68;1;sea;Arboretum Bay;;
1746;228;70;14;sea;Jade Bay;;
1747;122;183;193;sea;Pearlfin Waters;;
1748;151;82;213;sea;Paw'don Waters;;
1749;185;83;200;sea;Serpent's Heart Waters;;
1750;183;111;65;sea;Grookin Waters;;
1751;135;180;176;sea;Binan Waters;;
1752;88;15;0;sea;Thunderfoot Flow;;
1753;96;182;136;sea;Thunderfoot Waters;;
1754;186;71;228;sea;Silken Flow;;
1755;121;204;247;sea;Pools of Purity;;
1756;198;166;207;sea;Purity's Flow;;
1757;166;58;115;sea;Imperial Waters;;
1758;186;106;113;sea;Stormstout Waters;;
1759;181;145;163;sea;Thunder Celft Waters;;
1760;29;198;195;sea;Waters of the Red Crane;;
1761;38;64;162;sea;Nesingwary's Lake;;
1762;162;220;67;sea;Whitepetal Lake;;
1763;151;175;141;sea;Gui-lai Lake;;
1764;241;244;164;sea;Mogu'shan Pools;;
1765;154;247;236;sea;Lake of Stars;;
1766;177;186;73;sea;The Widening Deep;;
1767;116;224;231;sea;Dusklight Pools;;
1768;146;177;45;sea;Kota Lake;;
1770;90;3;166;sea;Zouchin Flow;;
1771;43;30;219;sea;Niuzao Lake;;
1772;53;23;174;sea;Sra'vess Lake;;
1773;15;213;170;land;Zhu's Watch;;
1774;70;166;116;land;The Incursion;;
1775;23;153;39;land;Anglers Wharf;;
1776;82;134;229;land;Thunder Cleft;;
1777;120;207;197;land;Ruins of Dojan;;
1778;242;24;16;land;Crane Wing Refuge;;
1779;171;220;255;land;Temple of the Red Crane;;
1780;203;49;52;land;Nayeli Lagoon;;
1781;192;35;44;land;Cradle of Chi-ji;;
1782;45;224;118;land;Dawnchaser Retreat;;
1783;194;102;232;land;Sentinel Basecamp;;
1784;174;22;190;land;Shores of Dojan;;
1785;75;142;44;land;Thunderfoot Overlook;;
1786;4;54;74;land;Thunder Cleft Overlook;;
1787;135;130;217;land;Domination Point;;
1788;41;109;187;land;Lion's Landing;;
1789;152;114;141;land;The Forbidden Forest;;
1790;168;79;221;land;Nesingwary's Safari;;
1791;214;123;70;land;Stoneplow;;
1792;43;212;116;land;Paoquan Hollow;;
1793;249;226;56;land;Stormstout Brewery;;
1794;173;72;172;land;The Imperial Granary;;
1795;0;32;176;land;The Heartland;;
1796;82;63;57;land;Halfhill;;
1797;229;23;12;land;Silken Fields;;
1798;185;24;217;land;Pools of Purity;;
1799;145;64;104;land;Thunderfoot Fields;;
1800;142;72;22;land;Tavern in the Mists;;
1801;245;135;104;land;Terrace of Endless Spring;;
1802;176;180;60;land;The Ancient Passage;;
1803;86;88;213;land;Halfhill Farmland;;
1804;124;104;7;land;Stormstout Plain;;
1805;205;125;132;land;Uncovered Burrows;;
1806;66;16;206;land;The Secret Aerie;;
1807;103;200;216;land;Mogu'shan Palace;;
1808;30;126;73;land;Shrine of Seven Stars;;
1809;92;129;78;land;Shrine of Two Moons;;
1810;36;45;123;land;The Golden Pagoda;;
1811;94;35;204;land;The Golden Stair;;
1812;194;173;248;land;Tu Shen Burial Ground;;
1813;177;99;70;land;Mistfall Village;;
1814;114;176;209;land;Setting Sun Garrison;;
1815;114;46;213;land;The Five Sisters;;
1816;250;105;175;land;Ruins of Guo-lai;;
1817;65;220;208;land;Guo-lai Halls;;
1818;234;181;25;land;Northern Vale Gate;;
1819;19;85;142;land;Central Vale Gate;;
1820;220;188;95;land;Mogu'shan Courtyard;;
1821;98;134;133;land;Whitepetal Woods;;
1822;7;199;44;land;Mogu'shan Hills;;
1823;0;88;170;land;Setting Sun Plain;;
1824;186;65;192;land;Golden Plain;;
1828;113;51;127;land;Osul Passage;;
1829;82;158;168;land;Stoneplow Passage;;
1830;67;213;118;sea;Pearlfin Lakes;;
1831;31;166;148;sea;Paw'don Lake;;
1832;166;20;95;land;Terrace of Gurthani;;
1833;161;29;69;land;Forgotten Mire;;
1834;127;88;162;land;Lake of Stars;;
1835;162;107;30;land;Kypari Zar;;
1836;63;30;70;land;Soggy's Gamble;;
1837;71;133;41;land;The Briny Muck;;
1838;44;36;67;land;Zan'vess;;
1839;179;27;51;land;Heart of Fear;;
1840;95;191;79;land;Klaxxi'vess;;
1841;248;26;63;land;Kor'vess;;
1842;215;238;12;land;Rikkitun Village;;
1843;21;149;25;land;Kypari Vor;;
1844;13;131;120;land;Lonesome Cove;;
1845;175;172;240;land;Chittering Coast;;
1846;37;199;50;land;Mazu's Overlook;;
1847;16;193;198;land;The Stinging Trail;;
1848;16;217;166;land;Duskroot Fen;;
1849;5;156;73;land;Kypari'ik;;
1850;27;247;24;land;The Horrid March;;
1851;38;156;220;land;Panic Clutch;;
1852;250;101;110;land;The Clutches of Shek'zeer;;
1853;205;54;173;land;Amberglow Hollow;;
1854;64;106;187;land;Venomous Ledge;;
1855;57;173;169;land;Whispering Stones;;
1856;63;204;128;land;Fear Clutch;;
1857;115;184;54;land;Horror Clutch;;
1858;160;119;67;land;The Thundering Run;;
1859;106;36;248;land;Gao-ran Battlefront;;
1860;210;184;243;land;Hatred's Vice;;
1861;80;87;187;land;Longying Outpost;;
1862;88;181;42;land;Fire Camp Osul;;
1863;143;179;149;land;Kri'vess;;
1864;240;126;28;land;Dusklight Hollow;;
1865;202;176;165;land;Rensai's Watchpost;;
1866;14;165;153;land;Sik'vess;;
1867;145;141;13;land;Niuzao Temple;;
1868;150;126;160;land;Sra'vess;;
1869;114;144;104;land;Shan'ze Dao;;
1870;222;2;21;land;Shado-pan Garrison;;
1871;4;40;43;land;Forward Assault Camp;;
1872;249;31;149;land;Lower Sumprushes;;
1873;62;186;127;land;Upper Sumprushes;;
1874;212;213;22;land;Dampsoil Burrow;;
1875;124;71;116;land;Dusklight Bridge;;
1876;214;149;235;land;The Underbough;;
1877;3;222;213;land;Fire Camp Gai-Cho;;
1878;248;160;200;land;Deadtalker's Plateau;;
1879;65;0;23;land;Kzzok Warcamp;;
1880;174;88;196;land;Fields of Niuzao;;
1881;245;240;248;land;Sra'thik Incursion;;
1882;188;49;29;land;Dawnseeker Promontory;;
1883;235;181;66;land;Court of Bones;;
1884;72;67;79;land;Za'tual;;
1885;20;47;133;land;Ihgaluk Crag;;
1886;147;29;163;land;Violet Rise;;
1887;66;229;148;land;Diremoor;;
1888;196;15;206;land;The Thunder Forges;;
1889;182;195;231;land;Stormsea Landing;;
1890;27;185;134;land;Throne of Thunder;;
1891;93;6;195;land;Thundering Gates ;;
1892;10;247;137;land;Shado-pan Monastery;;
1893;223;176;219;land;Winter's Blossom;;
1894;38;132;191;land;Kota Basecamp;;
1895;7;166;51;land;Shado-pan Fallback;;
1896;85;253;253;land;Westwind Rest;;
1897;134;5;8;land;Lastwind Rest;;
1898;231;237;192;land;Binan Village;;
1899;95;56;123;land;The Yaungol Advance;;
1900;105;197;241;land;One Keg;;
1901;241;61;34;land;Temple of the White Tiger;;
1902;86;162;40;land;Mogu'shan Terrace;;
1903;193;161;208;land;Peak of Serenity;;
1904;190;227;66;land;Zouchin Village;;
1905;79;181;119;land;Isle of Reckoning;;
1906;248;129;8;land;The Dooker Dome;;
1907;216;113;101;land;Mogujia;;
1908;80;194;196;land;Muskpaw Ranch;;
1909;51;20;18;land;Fire Camp Ordo;;
1910;155;213;127;land;Chow Farmstead;;
1911;52;85;211;land;Inkgill Mereb;;
1912;212;74;62;land;Lao & Son's Yakwash;;
1913;222;103;133;land;Yinying Village;;
1914;1;145;121;land;Garrosh'ar Advance;;
1915;219;220;121;land;Valley of Emperors;;
1917;65;86;71;land;The Grummle Bazaar;;
1918;164;44;236;land;Fire Camp Ruqin;;
1919;177;182;105;land;Firebough Nook;;
1920;234;228;33;land;Isle of Giants;;
1946;129;115;116;lake;Helm's Bed Lake;;
1947;35;165;107;lake;Amberstill Lake;;
1948;73;30;153;lake;Ironforge Pools;;
1950;84;148;33;lake;Coldridge Lake;;
1963;254;236;160;wasteland;Dun Murogh Mountains;;
2001;100;93;9;lake;Northpass Lakes;;
2002;86;169;14;lake;Terrorlake;;
2016;70;131;76;sea;Skorn Flow;;
2017;56;233;169;sea;Winterhoof River;;
2018;142;60;49;sea;Wildervar Flow;;
2019;243;73;97;wasteland;Outland Rift;;
2020;117;245;81;lake;Skettis Lake;;
2021;205;107;162;lake;Shadowmoon Lake;;
2022;58;60;5;lake;Bonechewer Lake;;
2023;74;216;2;lake;Shattrath Lake;;
2024;204;36;62;lake;Garadar Lake;;
2025;92;121;196;lake;Sunspring Lake;;
2026;99;108;53;lake;Lake of Kul Tiras;;
2027;144;38;111;land;Waters of Deathknell;;
2067;242;245;97;land;Slingtail Pits;;
2068;19;39;153;land;Wreck of the Vanguard;;
2069;110;179;222;land;Den of Sorrow;;
2070;159;63;166;land;Twinspire Keep;;
2071;199;67;57;land;Camp Gormal;;
2072;214;60;175;land;Serpent's Overlook;;
2073;224;55;43;land;Dookin' Grounds;;
2074;100;1;95;land;Shrine of the Dawn;;
2075;46;23;156;land;Greenstone Village;;
2076;120;108;172;land;Forest Heart;;
2077;140;134;65;land;Camp Nooka Nooka;;
2078;194;242;109;land;Honeydew Hills;;
2079;4;34;135;land;Grookin Groves;;
2080;133;86;209;land;Honeydew Shrine;;
2081;86;34;242;sea;Unnamed;;
2082;118;113;22;sea;Unnamed;;
2083;126;121;254;sea;Unnamed;;
2084;152;196;210;sea;Unnamed;;
2085;49;7;3;sea;Unnamed;;
2086;137;21;218;sea;Unnamed;;
2087;240;145;165;sea;Unnamed;;
2088;14;253;20;sea;Unnamed;;
2089;23;3;180;sea;Unnamed;;
2090;105;47;28;sea;Unnamed;;
2091;152;118;207;sea;Unnamed;;
2092;159;175;34;sea;Unnamed;;
2093;194;1;150;sea;Unnamed;;
2094;154;42;146;sea;Unnamed;;
2095;198;151;139;sea;Unnamed;;
2097;207;218;104;land;Mosslight Shore;;
2098;207;196;140;land;Savage Shore;;
2099;82;189;215;land;Mosslight Hills;;
2100;60;114;63;land;The Savage Remains;;
2102;1;182;115;land;Ivald's Ruin;;
2103;32;1;233;land;Baleheim;;
2104;242;202;165;land;Cauldros Isle;;
2105;102;5;146;land;Halgrind;;
2106;210;153;133;land;The Vibrant Glade;;
2107;141;175;147;land;The Frozen Glade;;
2108;200;209;29;land;The Twisted Glade;;
2109;87;180;166;land;Plains of Gjalerbron;;
2110;172;15;119;land;Baelgun's Excavation Site;;
2111;8;240;135;land;Heart's Blood Shrine;;
2112;96;225;166;land;Vordrassil's Heart;;
2113;60;41;185;land;Vordrassil's Limb;;
2114;211;216;84;land;Vordrassil's Tears;;
2115;162;89;19;land;Kartak's Hold;;
2116;108;26;238;land;Unu'pe;;
2117;186;96;247;land;Dens of the Dying;;
2118;180;203;133;land;Talramas;;
2119;249;241;43;land;Steeljaw's Caravan;;
2120;205;133;199;land;Torp's Farm;;
2121;86;184;100;land;Plains of Nasam;;
2122;96;255;234;land;Gammoth;;
2123;12;233;190;land;Isles of Nasam;;
2125;64;70;237;land;Coldarra Pass;;
2126;48;207;26;land;Tower of Life;;
2127;132;192;54;land;Shadowsight Tower;;
2128;21;231;219;land;Winter's Edge Tower;;
2129;112;236;164;land;Flamewatch Tower;;
2130;232;216;110;land;Moonrest Gardens;;
2131;32;185;37;land;Indu'le;;
2132;74;114;51;land;Fordragon Hold;;
2133;5;188;153;land;Coldwind Heights;;
2134;231;227;240;land;Scarlet Point;;
2135;69;89;72;land;Nighthaven;;
2136;181;227;217;land;Moonshone Pass;;
2137;76;64;17;wasteland;Mountains of Northrend;;
2201;60;149;170;land;Dusty Shore;;
2216;28;222;248;land;Darkwhisper Gorge;Kalimdor;Winterspring
2217;81;192;186;land;Ice Thistle Hills;Kalimdor;Winterspring
2218;10;139;11;land;Winterfall Village;Kalimdor;Winterspring
2219;87;67;178;land;Timbermaw Post;Kalimdor;Winterspring
2220;251;56;36;land;Frostfire Hot Springs;Kalimdor;Winterspring
2221;162;219;108;land;Felpaw Village;Kalimdor;Felwood
2222;146;219;150;land;Irontree Cavern;Kalimdor;Felwood
2223;96;219;113;land;Irontree Woods;Kalimdor;Felwood
2224;121;219;60;land;Jadefire Run;Kalimdor;Felwood
2225;172;219;52;land;Shatter Scar Vale;Kalimdor;Felwood
2226;232;244;70;land;Morlos'Aran;Kalimdor;Felwood
2227;178;152;104;land;The Howling Vale;Kalimdor;Ashenvale
2228;232;152;84;land;Bathran's Hand;Kalimdor;Ashenvale
2229;199;152;25;land;Lake Falathim;Kalimdor;Ashenvale
2230;178;152;54;land;Greenpaw Village;Kalimdor;Ashenvale
2231;209;152;93;land;Silverwing Grove;Kalimdor;Ashenvale
2232;183;152;89;land;Bloodtooth Camp;Kalimdor;Ashenvale
2233;184;124;48;land;Bough Shadow;Kalimdor;Ashenvale
2234;180;124;94;land;Satyrnaar;Kalimdor;Ashenvale
2235;184;106;39;land;Labor Camp;Kalimdor;Ashenvale
2236;177;106;86;land;Felfire Hill;Kalimdor;Ashenvale
2237;232;106;58;land;Fire Scar Shrine;Kalimdor;Ashenvale
2238;154;106;39;land;Iris Lake;Kalimdor;Ashenvale
2239;105;118;68;land;Valormok;Kalimdor;Azshara
2240;105;118;17;land;Forlorn Ridge;Kalimdor;Azshara
2241;79;118;16;land;The Ruined Reaches;Kalimdor;Azshara
2242;35;118;39;land;Lake Mennar;Kalimdor;Azshara
2243;97;151;39;land;Southridge Beach;Kalimdor;Azshara
2244;65;133;97;land;Timbermaw Hold;Kalimdor;Azshara
2245;102;133;47;land;Temple of Zin-Malor;Kalimdor;Azshara
2246;59;133;20;land;The Shattered Strand;Kalimdor;Azshara
2247;24;133;36;land;Bitter Reaches;Kalimdor;Azshara
2248;92;133;23;land;Haldarr Encampment;Kalimdor;Azshara
2249;68;133;64;land;Bay of Storms;Kalimdor;Azshara
2250;64;133;76;land;Legash Encampment;Kalimdor;Azshara
2251;164;37;42;land;Darkwood Den;Kalimdor;Darkshore
2252;155;37;90;land;Remtravel's Excavation;Kalimdor;Darkshore
2253;196;37;112;land;Twilight Vale;Kalimdor;Darkshore
2254;235;37;92;land;The Long Wash;Kalimdor;Darkshore
2255;236;37;36;land;Tower of Althalaxx;Kalimdor;Darkshore
2256;188;37;18;land;Darkwood Pass;Kalimdor;Darkshore
2257;103;37;21;wasteland;Unnamed;Kalimdor;Azuremyst Isle
2258;64;114;67;land;Ammen Fields;Kalimdor;Azuremyst Isle
2259;93;114;40;land;Shadow Ridge;Kalimdor;Azuremyst Isle
2260;52;114;16;land;Ammen Ford;Kalimdor;Azuremyst Isle
2261;17;114;45;land;Nestlewood Thicket;Kalimdor;Azuremyst Isle
2262;197;248;84;land;Geezle's Camp;Kalimdor;Azuremyst Isle
2263;158;248;26;land;Wrathscale Point;Kalimdor;Azuremyst Isle
2264;128;248;61;land;Fairbridge Strand;Kalimdor;Azuremyst Isle
2265;162;248;108;land;Exodar Fields;Kalimdor;Azuremyst Isle
2266;70;107;196;land;Bladewood;Kalimdor;Bloodmyst Isle
2267;49;107;113;land;Vindicator's Rest;Kalimdor;Bloodmyst Isle
2268;68;153;38;land;Ruins of Loreth'Aran;Kalimdor;Bloodmyst Isle
2269;101;163;113;land;Middenvale;Kalimdor;Bloodmyst Isle
2270;45;153;102;land;Bristlelimb Enclave;Kalimdor;Bloodmyst Isle
2271;98;153;65;land;Beryl Coast;Kalimdor;Bloodmyst Isle
2272;163;153;74;land;The Lost Fold;Kalimdor;Bloodmyst Isle
2273;221;153;46;land;Mystwood;Kalimdor;Bloodmyst Isle
2274;125;107;160;land;Ragefeather Ridge;Kalimdor;Bloodmyst Isle
2275;192;68;80;land;Tel'athion's Camp;Kalimdor;Bloodmyst Isle
2276;102;71;40;wasteland;Unnamed;Kalimdor;Teldrassil
2277;218;29;134;land;Stonetalon Pass;Kalimdor;Stonetalon Mountains
2278;172;29;96;land;Sishir Canyon;Kalimdor;Stonetalon Mountains
2279;118;29;113;land;Boulderslide Ravine;Kalimdor;Stonetalon Mountains
2280;111;29;171;land;Grimtotem Post;Kalimdor;Stonetalon Mountains
2281;161;29;194;land;Camp Aparaje;Kalimdor;Stonetalon Mountains
2282;117;149;165;land;Boulder Lode Mine;Kalimdor;Barrens
2283;92;154;84;land;Thorn Hill;Kalimdor;Barrens
2284;69;224;100;land;Ratchet Overlook;Kalimdor;Barrens
2285;97;224;44;land;Muddy Shore;Kalimdor;Barrens
2286;170;224;56;land;Raptor Grounds;Kalimdor;Barrens
2287;86;224;68;land;Blackthorn Ridge;Kalimdor;Barrens
2288;138;157;125;land;Rocktusk Farm;Kalimdor;Durotar
2289;153;157;81;land;Skull Rock;Kalimdor;Durotar
2290;92;157;94;land;Razormane Grounds;Kalimdor;Durotar
2291;141;157;144;land;Burning Blade Coven;Kalimdor;Durotar
2292;63;157;103;land;Scuttle Coast;Kalimdor;Durotar
2293;100;157;84;land;Kolkar Crag;Kalimdor;Durotar
2294;64;157;121;land;Razor Trail;Kalimdor;Durotar
2295;107;23;71;land;Red Cloud Mesa;Kalimdor;Mulgore
2296;157;23;101;land;Pale Mane Rock;Kalimdor;Mulgore
2297;85;23;52;land;Sun Beaten Trail;Kalimdor;Mulgore
2298;85;179;175;land;Sargeron;Kalimdor;Desolace
2299;202;215;93;land;Tethris Aran;Kalimdor;Desolace
2300;142;215;83;land;Scrabblescrew's Camp;Kalimdor;Desolace
2301;92;215;67;land;Bolgan's Hole;Kalimdor;Desolace
2302;172;215;71;land;Sar'theris Strand;Kalimdor;Desolace
2303;132;215;70;land;Jademir Lake;Kalimdor;Feralas
2304;133;126;77;land;Oneiros;Kalimdor;Feralas
2305;92;178;100;land;The Twin Colossals;Kalimdor;Feralas
2306;74;187;59;land;Feral Scale Vale;Kalimdor;Feralas
2307;17;187;65;land;Frayfeather Highlands;Kalimdor;Feralas
2308;117;187;57;land;The Writhing Deep;Kalimdor;Feralas
2309;88;144;118;land;Grimtotem Compound;Kalimdor;Feralas
2310;163;144;110;land;Lower Wilds;Kalimdor;Feralas
2311;62;144;71;land;Upper Headlands;Kalimdor;Feralas
2312;141;144;51;land;Lariss Pavillion;Kalimdor;Feralas
2313;137;156;186;land;Camp E'thok;Kalimdor;Thousand Needles
2314;78;156;100;land;The Screeching Canyon;Kalimdor;Thousand Needles
2315;144;156;96;land;Splithoof Crag;Kalimdor;Thousand Needles
2316;73;156;159;land;The Weathered Nook;Kalimdor;Thousand Needles
2317;153;156;92;land;Ironstone Camp;Kalimdor;Thousand Needles
2318;79;156;61;land;The Shimmering Flats;Kalimdor;Thousand Needles
2319;187;156;50;land;Rustmaul Dig Site;Kalimdor;Thousand Needles
2320;43;156;66;land;Windbreak Canyon;Kalimdor;Thousand Needles
2321;163;75;65;land;Southmoon Ruins;Kalimdor;Tanaris
2322;107;255;65;land;Slithering Passage;Kalimdor;Tanaris
2323;207;255;57;land;Lost Rigger Cove;Kalimdor;Tanaris
2324;167;142;100;land;Wavestrider Beach;Kalimdor;Tanaris
2325;127;142;34;land;Waterspring Field;Kalimdor;Tanaris
2326;200;142;133;land;Steamwheedle Port;Kalimdor;Tanaris
2327;56;142;70;land;Noonshade Ruins;Kalimdor;Tanaris
2328;96;217;69;land;Sands of the Watchers;Kalimdor;Tanaris
2329;51;192;168;land;The Scarab Wall;Kalimdor;Silithus
2330;162;192;76;land;Lower Quarters;Kalimdor;Silithus
2331;129;228;79;land;Echo Cove;Northrend;Borean Tundra
2332;47;228;129;land;Pal'ea;Northrend;Borean Tundra
2333;214;165;99;land;Beryl Point;Northrend;Borean Tundra
2334;118;165;119;land;Nasam's Talon;Northrend;Borean Tundra
2335;114;165;64;land;Sands of Nasam;Northrend;Borean Tundra
2336;126;66;103;land;Farshire Fields;Northrend;Borean Tundra
2337;135;66;138;land;The Abandoned Reach;Northrend;Borean Tundra
2338;142;66;86;land;Njord's Breath Bay;Northrend;Borean Tundra
2339;60;66;53;land;Lake Kum'uya;Northrend;Borean Tundra
2340;122;66;106;land;Coldrock Quarry;Northrend;Borean Tundra
2341;164;109;94;land;The Flood Plains;Northrend;Borean Tundra
2342;105;109;116;land;Steam Springs;Northrend;Borean Tundra
2343;160;109;94;land;Festering Pools;Northrend;Borean Tundra
2344;88;161;99;land;Naxxanar;Northrend;Borean Tundra
2345;138;161;124;land;Steeljaw's Cavern;Northrend;Borean Tundra
2346;171;161;62;land;Kaw's Roost;Northrend;Borean Tundra
2347;64;161;111;land;Ruins of Eldra'nath;Northrend;Borean Tundra
2348;156;66;75;land;Bloodspore Plains;Northrend;Borean Tundra
2349;152;153;98;land;The Path of the Lifewarden;Northrend;Sholazar Basin
2350;93;153;78;land;The Bones of Nozronn;Northrend;Sholazar Basin
2351;146;153;117;land;Sparktouched Haven;Northrend;Sholazar Basin
2352;162;93;152;land;Spearborn Encampment;Northrend;Sholazar Basin
2353;75;93;76;land;Dorian's Outpost;Northrend;Sholazar Basin
2354;85;129;80;land;The Bonefields;Northrend;Sholazar Basin
2355;144;129;111;land;Mosswalker Village;Northrend;Sholazar Basin
2356;217;129;41;land;The Sundered Shard;Northrend;Sholazar Basin
2357;79;129;89;land;Sapphire Hive;Northrend;Sholazar Basin
2358;121;153;131;land;Mistwhisper Refuge;Northrend;Sholazar Basin
2359;83;136;176;land;Swinglegrin's Dig;Northrend;Sholazar Basin
2360;112;127;92;land;Hall of the Ancestors;Northrend;Icecrown
2361;188;127;83;land;Battlescar Spire;Northrend;Icecrown
2362;50;127;44;land;Kul'galar Keep;Northrend;Icecrown
2363;157;87;65;land;Njorndar Village;Northrend;Icecrown
2364;70;87;108;land;The Underhalls;Northrend;Icecrown
2365;162;87;128;land;Valhalas;Northrend;Icecrown
2366;63;87;98;land;Ufrang's Hall;Northrend;Icecrown
2367;68;131;122;land;Cathedral of Darkness;Northrend;Icecrown
2368;138;131;156;land;The Court of Bones;Northrend;Icecrown
2369;68;131;151;land;Malvkriss;Northrend;Icecrown
2370;96;131;71;land;Rise of Suffering;Northrend;Icecrown
2371;140;24;122;land;The Valley of Fallen Heroes;Northrend;Icecrown
2372;59;24;90;land;Ironwall Rampart;Northrend;Icecrown
2373;160;24;111;land;Weeping Quarry;Northrend;Icecrown
2374;159;160;227;land;Corp'neth;Northrend;Icecrown
2375;82;160;79;land;Aldur'thar Rampart;Northrend;Icecrown
2376;97;205;72;land;The Valley of Lost Hope;Northrend;Icecrown
2377;156;4;59;land;The Breach;Northrend;Icecrown
2378;115;4;93;land;Silent Vigil;Northrend;Icecrown
2379;56;4;107;land;Valley of Echoes;Northrend;Icecrown
2380;51;49;83;land;The Broken Front;Northrend;Icecrown
2381;126;54;97;land;The Crimson Cathedral;Northrend;Icecrown
2382;176;90;87;land;Bor's Breath;Northrend;Storm Peaks
2383;117;203;153;land;Uldis;Northrend;Storm Peaks
2384;135;125;154;land;Rohemdal Pass;Northrend;Storm Peaks
2385;88;125;112;land;Frostgrip's Hollow;Northrend;Storm Peaks
2386;164;170;119;land;The Frigid Tomb;Northrend;Storm Peaks
2387;99;90;179;land;Sifeldar Village;Northrend;Storm Peaks
2388;94;90;106;land;The Forlorn Mine;Northrend;Storm Peaks
2389;69;143;148;land;The Frozen Mine;Northrend;Storm Peaks
2390;145;82;172;land;Mimir's Workshop;Northrend;Storm Peaks
2391;145;59;118;land;Temple of Winter;Northrend;Storm Peaks
2392;132;59;76;land;Frostfloe Deep;Northrend;Storm Peaks
2393;184;144;121;land;The Howling Hollow;Northrend;Storm Peaks
2394;112;144;91;land;Temple of Lightning;Northrend;Storm Peaks
2395;82;250;144;land;Valley of Ancient Winters;Northrend;Storm Peaks
2396;146;124;63;land;Loken's Bargain;Northrend;Storm Peaks
2397;125;134;56;land;Surge Needle;Northrend;Dragonblight
2398;78;134;151;land;Glittering Strand;Northrend;Dragonblight
2399;177;163;92;land;Lothalor Woodlands;Northrend;Dragonblight
2400;73;163;155;land;The Briny Pinnacle;Northrend;Dragonblight
2401;122;163;86;land;Kili'ua's Atoll;Northrend;Dragonblight
2402;155;103;125;land;Snowfall Glade;Northrend;Dragonblight
2403;69;103;83;land;The Half Shell;Northrend;Dragonblight
2404;163;103;139;land;The Mirror of Dawn;Northrend;Dragonblight
2405;100;103;174;land;Dragon's Fall;Northrend;Dragonblight
2406;72;103;66;land;The Court of Skulls;Northrend;Dragonblight
2407;60;103;213;land;Angrathar the Wrath Gate;Northrend;Dragonblight
2408;158;103;133;land;Nozzlerust Post;Northrend;Dragonblight
2409;203;103;146;land;Ice Heart Cavern;Northrend;Dragonblight
2410;167;102;147;land;7th Legion Front;Northrend;Dragonblight
2411;63;102;94;land;Path of the Titans;Northrend;Dragonblight
2412;137;102;75;land;Eldritch Heights;Northrend;Dragonblight
2413;227;102;129;land;Frostmourne Cavern;Northrend;Dragonblight
2414;97;102;147;land;Light's Trust;Northrend;Dragonblight
2415;97;162;140;land;Dawn's Reach;Northrend;Dragonblight
2416;143;162;62;land;The Carrion Fields;Northrend;Dragonblight
2417;181;162;138;land;Jintha'kalar Steps;Northrend;Dragonblight
2418;161;25;154;land;Windswept Rise;Northrend;Dragonblight
2419;149;25;109;land;Wintergarde Mine;Northrend;Dragonblight
2420;131;50;125;land;Reliquary of Agony;Northrend;Zul'Drak
2421;178;50;61;land;Rageclaw Den;Northrend;Zul'Drak
2422;65;50;59;land;Light's Breach;Northrend;Zul'Drak
2423;158;50;118;land;Dargath's Demise;Northrend;Zul'Drak
2424;92;50;124;land;Reliquary of Pain;Northrend;Zul'Drak
2425;174;50;99;land;Crusader Forward Camp;Northrend;Zul'Drak
2426;170;107;100;land;Ebon Rise;Northrend;Zul'Drak
2427;87;107;66;land;Drak'va Rise;Northrend;Zul'Drak
2428;145;255;78;land;Kolramas;Northrend;Zul'Drak
2429;180;145;59;land;Drak'Sotra Fields;Northrend;Zul'Drak
2430;93;145;108;land;Zim'Abwa;Northrend;Zul'Drak
2431;151;145;73;land;The Argent Stand;Northrend;Zul'Drak
2432;202;145;61;land;Pools of Zha'Jin;Northrend;Zul'Drak
2433;92;145;110;land;Drak'Agal;Northrend;Zul'Drak
2434;90;145;79;land;Drak'atal Passage;Northrend;Zul'Drak
2435;95;145;181;land;Steps of Anguish;Northrend;Zul'Drak
2436;180;255;75;land;Drak'Mabwa;Northrend;Zul'Drak
2437;47;255;73;land;Pools of Jin'Alai;Northrend;Zul'Drak
2438;135;184;113;land;Zim'Rhuk;Northrend;Zul'Drak
2439;64;184;98;land;Gundrak Rise;Northrend;Zul'Drak
2440;171;184;58;land;Zol'Heb;Northrend;Zul'Drak
2441;172;184;166;land;The Gundrak Approach;Northrend;Zul'Drak
2442;205;184;121;land;Steps of Har'koa;Northrend;Zul'Drak
2443;128;154;107;land;Boulder Hills;Northrend;Grizzly Hills
2444;162;178;80;land;Hollowstone Mine;Northrend;Grizzly Hills
2445;90;178;109;land;Solstice Village;Northrend;Grizzly Hills
2446;173;178;132;land;White Pine Trading Post;Northrend;Grizzly Hills
2447;63;178;169;land;Redwood Trading Post;Northrend;Grizzly Hills
2448;170;178;120;land;Prospector's Point;Northrend;Grizzly Hills
2449;80;178;111;land;Harko Ruins of Tethys;Northrend;Grizzly Hills
2450;152;137;72;land;Ashwood Post;Northrend;Grizzly Hills
2451;190;137;65;land;Rage Fang Shrine;Northrend;Grizzly Hills
2452;74;137;86;land;Heartwood Trading Post;Northrend;Grizzly Hills
2453;109;255;82;land;Blackriver Logging Camp;Northrend;Grizzly Hills
2454;162;129;121;land;Aspen Grove Post;Northrend;Grizzly Hills
2455;181;151;53;land;Evergreen Trading Post;Northrend;Grizzly Hills
2456;87;151;147;land;Ruins of Drak'Zin;Northrend;Grizzly Hills
2457;139;151;94;land;Spruce Point Post;Northrend;Grizzly Hills
2458;178;64;91;land;Silverbrook Hills;Northrend;Grizzly Hills
2459;136;46;85;land;Apothecary Camp;Northrend;Howling Fjord
2460;118;152;88;land;Tundra of Skorn;Northrend;Howling Fjord
2461;92;46;116;land;North Spear Tower;Northrend;Howling Fjord
2462;71;175;99;land;Iskaal;Northrend;Howling Fjord
2463;131;175;118;land;Ember Trail;Northrend;Howling Fjord
2464;104;52;77;land;Utgarde Bluffs;Northrend;Howling Fjord
2465;139;175;109;land;Thorval's Camp;Northrend;Howling Fjord
2466;63;175;132;land;Shield Hill;Northrend;Howling Fjord
2467;147;159;68;land;Wyrmskull Village;Northrend;Howling Fjord
2468;170;175;108;land;Derelict Strand;Northrend;Howling Fjord
2469;89;131;113;land;Zuldazar;South Seas;Zandalar
2470;135;131;62;land;Mount Mugamba;South Seas;
2471;90;131;148;land;Port Zul;South Seas;Zandalar
2472;74;131;111;land;Plunder Isle;South Seas;Plunder Isle
2478;137;180;179;land;Chillmere Shore;Northrend;Howling Fjord
2479;143;180;92;land;Venture Outpost;Northrend;Grizzly Hills
2480;80;180;130;land;Venture Docks;Northrend;Grizzly Hills
2481;186;142;164;land;Amberpine Outpost;Northrend;Grizzly Hills
2482;148;152;197;land;Grizzlemaw Watering Hole;Northrend;Grizzly Hills
2483;73;152;103;land;Drak'Tharon Approach;Northrend;Grizzly Hills
2484;144;152;94;land;Light's Shore;Northrend;Grizzly Hills
2485;86;152;147;land;Heartwood Clearing;Northrend;Grizzly Hills
2486;87;152;80;land;Blackwood Clearing;Northrend;Grizzly Hills
2487;65;152;112;land;Blackwood Outpost;Northrend;Grizzly Hills
2488;206;152;91;land;Redwood Isle;Northrend;Grizzly Hills
2489;131;152;99;land;Broken Shore;Northrend;Grizzly Hills
2490;182;152;80;land;Dead Grove;Northrend;Dragonblight
2491;119;152;140;land;Bluffs of Dawn;Northrend;Dragonblight
2492;69;126;114;land;Icemist Hills;Northrend;Dragonblight
2493;89;126;103;land;Frozen Canyon;Northrend;Dragonblight
2494;168;126;156;land;Accursed Shore;Northrend;Icecrown
2495;158;143;94;land;Halls of the Titans;Northrend;Storm Peaks
2496;202;143;70;land;Hall of Memories;Northrend;Storm Peaks
2497;122;143;133;land;Halls of Winter;Northrend;Storm Peaks
2498;205;179;207;land;Clash of Thunder;Northrend;Storm Peaks
2499;76;179;72;land;Conservatory of Life;Northrend;Storm Peaks
2500;184;179;181;land;Hall of Ingenuity;Northrend;Storm Peaks
2501;61;179;57;land;Battered Cliffs;Northrend;Storm Peaks
2502;216;179;67;land;Windy Cliffs;Northrend;Storm Peaks
2503;137;179;162;land;Eroded Cliffs;Northrend;Storm Peaks
2504;161;244;180;land;Shen'dralar Quarters;Kalimdor;Feralas
2508;162;61;42;land;An'thul;Zandalar
2509;162;162;200;Zan'zur;Zandalar
2949;37;219;134;land;Northwatch Port;;
2950;77;141;229;land;Direhorn Grounds;;
2951;107;146;217;land;Sentry Point;;
2952;70;110;177;land;Swamplight;;
2953;215;29;33;land;North Point;;
3008;63;80;124;land;Amani Wildlands;;
3071;153;86;241;wasteland;Violet Mountain;;
