province;red;green;blue;x;x
1;128;34;64;Arroyo
2;0;36;128;Sacramento
3;128;38;192;Junktown
4;50;40;145;Ellicott City
5;128;42;0;Annapolis
6;58;33;30;West Wasteland
7;0;44;64;North Wasteland
8;54;26;14;South Wasteland
9;57;81;14;East Wasteland
10;73;190;14;Chillicothe
11;109;201;201;Lake Winnipeg
12;25;203;203;Everglades
13;129;58;192;Vault 101
14;2;60;255;Minefield
15;130;62;0;Arefu
16;2;64;64;Springvale
17;130;66;128;Super-Duper Mart
18;2;68;192;Oasis
19;130;70;255;Temple of the Union
20;2;72;0;Paradise Falls
21;131;74;64;Wasteland
22;3;76;128;Wasteland
23;131;78;192;Wasteland
24;3;80;255;Wasteland
25;131;82;0;Wasteland
26;3;84;64;Wasteland
27;131;86;128;Wasteland
28;4;88;192;Wasteland
29;132;90;255;Findlay
30;4;92;0;Wasteland
31;132;94;64;Wasteland
32;4;96;128;Wasteland
33;132;98;192;Wasteland
34;4;100;255;Wasteland
35;133;102;0;Wasteland
36;5;104;64;Wasteland
37;133;106;128;Wasteland
38;5;108;192;Germantown
39;133;110;255;Vault 92
40;5;112;0;Shalebridge
41;133;114;64;Little Lamplight
42;6;116;128;Vault 87
43;134;118;192;Dunwich Building
44;6;120;255;Tenpenny Tower
45;196;122;14;Mojave Desert
46;6;124;64;Raven Rock
47;134;126;128;Fort Independence
48;6;128;192;Andale
49;135;130;255;Greyditch
50;7;132;0;Vault 108
51;135;134;64;Delta
52;7;136;128;Eureka
53;135;138;192;Fremont
54;7;140;255;Glen Canyon
55;135;142;0;Henry Mountains
56;8;144;64;Grand Staircase
57;136;146;128;Del Norte
58;8;148;192;Bitter Creek
59;136;150;255;Cache Wasteland
60;8;152;0;Hill Airforce Base
61;136;154;64;Battle Mountain
62;8;156;128;Jackpot
63;137;158;192;Vallejo
64;9;32;255;Yuba City
65;137;34;0;Stockton
66;9;36;64;Evansville
67;137;38;128;Citrus Heights
68;9;40;192;Fort Bragg
69;137;42;255;Eureka
70;10;44;0;Toledo
71;138;46;64;Alturas
72;10;48;128;Quincy
73;138;50;192;San Jose
74;20;120;0;Angel's Graveyard
75;138;54;0;Folsom
76;10;56;64;Dayton
77;139;58;128;Coshocton
78;0;190;0;Colnett
79;0;180;0;El Rosario
80;0;150;0;Rosarito
81;0;140;0;Santa Rosalia
82;0;130;0;Bahia Asuncion
83;0;110;0;La Paz
84;12;72;255;Ridgecrest
85;140;74;0;Baker
86;12;76;64;Kernville
87;140;78;128;San Luis
88;12;80;192;Ajo
89;140;82;255;Lancaster
90;12;84;0;Herlong
91;141;86;64;Nixon
92;13;88;128;Lovelock
93;141;90;192;Sulphur
94;13;92;255;Rochester
95;141;94;0;Vincennes
96;13;96;64;Greenwood
97;141;98;128;Susanville
98;14;100;192;Gerlach
99;142;102;255;Jiggs
100;14;104;0;Halleck
101;42;206;244;Spruce
102;14;208;228;Charleston
103;85;80;32;Tuscarora
104;14;112;255;Dugway
105;143;114;0;Gold Hill
106;15;116;64;Ibapah
107;143;118;128;Wendover
108;15;120;192;Grouse Creek
109;143;122;255;Mountain City
110;15;124;0;Dickshooter
111;143;126;64;Alamo
112;16;128;128;Bloomington
113;144;130;192;Crystal Springs
114;16;132;255;Muncie
115;144;134;0;Coyote Springs
116;16;136;64;Richmond
117;144;138;128;Goodsprings
118;16;140;192;Primm
119;145;142;255;Searchlight
120;17;144;0;Southern Outskirts
121;145;146;64;Northern Outskirts
122;17;148;128;Eastern Outskirts
123;145;150;192;Western Outskirts
124;17;152;255;Cameron
125;145;154;0;Supai
126;18;156;64;Big Water
127;146;158;128;Quartzsite
128;18;32;192;Tuba City
129;146;34;255;Camp Verde
130;18;36;0;Ruins of Phoenix
131;146;38;64;Tremonton
132;18;40;128;Layton
133;147;42;192;Fort Collins
134;19;44;255;Hugo
135;147;46;0;Kimball
136;19;48;64;Arickaree
137;147;50;128;Colorado Springs
138;19;52;192;Perryton
139;147;54;255;Elk City
140;20;56;0;Pampa
141;148;58;64;Clayton
142;20;60;128;Ulysses
143;148;62;192;Oklahoma City
144;20;64;255;Springfield
145;148;66;0;Quincy
146;20;68;64;Wildwood
147;149;70;128;Tuscumbia
148;21;72;192;Wichita Falls
149;149;74;255;Gary
150;21;76;0;Naperville
151;149;78;64;Aurora
152;21;80;128;West Bend
153;149;82;192;Madison
154;22;84;255;Davenport
155;150;86;0;Decorah
156;22;88;64;Cambridge
157;150;90;128;Salisbury
158;22;92;192;Dover
159;150;94;255;Baltimore
160;22;96;0;Richmond
161;151;98;64;Winchester
162;23;100;128;Harrisburg
163;151;102;192;Stamford
164;23;104;255;Marysville
165;151;106;0;Herington
166;0;200;0;Tijuana
167;0;160;0;San Felipe
168;24;112;192;Bangor
169;152;114;255;Saint John
170;24;116;0;Yarmouth
171;152;118;64;Halifax
172;24;120;128;Sydney
173;152;122;192;Charlotte Town
174;24;124;255;Chatham
175;153;126;0;Quebec
176;25;128;64;Houlton
177;153;130;128;Montreal
178;25;132;192;Ottawa
179;153;134;255;Peterborough
180;25;136;0;Detroit
181;153;138;64;Moncton
182;26;140;128;Cloridorme
183;154;142;192;Rimouski
184;26;144;255;Dickey
185;154;146;0;Sherbrooke
186;26;148;64;Milinocket
187;154;150;128;Victoriaville
188;26;152;192;Brockville
189;155;154;255;Bracebridge
190;27;156;0;Bancroft
191;155;158;64;Brownsville
192;27;32;128;Ciudad Apodaca
193;155;34;192;Torreon
194;27;36;255;Evergreen Mills
195;155;38;0;Ciudad Victoria
196;28;40;64;Vanegas
197;156;42;128;Durango
198;28;44;192;Mazatlan
199;156;46;255;San Luis Potosi
200;28;248;0;Altamira
201;156;50;64;Aguascalientes
202;28;52;128;Guadalajara
203;157;54;192;Mexico City
204;29;56;255;Colima
205;157;58;0;Poza Rica
206;29;60;64;Urupan
207;157;62;128;Tepic
208;29;64;192;Monclova
209;157;66;255;Hidalgo del Parral
210;30;68;0;Guasave
211;158;70;64;Ahome
212;30;72;128;Navojoa
213;158;74;192;Mérida
214;30;76;255;Cancún
215;158;78;0;Nueva Gerona
216;30;80;64;Havana
217;159;82;128;Colón
218;31;84;192;Trinidad
219;159;86;255;Santa Clara
220;31;88;0;Moron
221;159;90;64;Nuevitas
222;31;92;128;Holguín
223;159;94;192;Bayamo
224;32;96;255;Turks and Caicos Islands
225;160;98;0;Nassau
226;32;100;64;Freeport City
227;160;102;128;Andros Island
228;32;104;192;Bermuda
229;160;106;255;Seattle
230;32;108;0;Vancouver Island
231;161;110;64;Vancouver
232;33;112;128;Greensburg
233;161;114;192;Big Stone Gap
234;33;116;255;Lafayette
235;161;118;0;Kokomo
236;33;120;64;Cut Bank
237;161;122;128;Helena
238;34;124;192;Marion
239;162;126;255;Malta
240;34;128;0;Plentywood
241;162;130;64;Stanley
242;34;132;128;Hettinger
243;162;134;192;Lincoln
244;34;136;255;Thompson Falls
245;163;138;0;Missoula
246;35;140;64;Michigan City
247;163;142;128;Grafton
248;35;144;192;RobCo Facility
249;163;146;255;Portage La Prairie
250;35;148;0;Sansta
251;163;150;64;Novac
252;36;152;128;REPCONN Test Site
253;164;154;192;Quarry Junction
254;36;156;255;Crescent Canyon
255;164;158;0;Nelson
256;36;32;64;Cliffside
257;164;34;128;Camp Forlorn Hope
258;36;36;192;Fortification Hill
259;165;38;255;Legate's Camp
260;37;40;0;Boulder City
261;165;42;64;Freeside
262;37;44;128;West Side
263;165;46;192;Camp McCarren
264;37;48;255;Bonnie Springs
265;165;50;0;NCR Correctional Facility
266;38;52;64;Mojave Outpost
267;166;54;128;Hoover Dam
268;38;56;192;Black Mountain Facility
269;166;58;255;South Bend
270;38;60;0;Fort Wayne
271;166;62;64;Richlands
272;38;64;128;REPCONN HQ
273;167;66;192;Mt. Shadows Campground
274;39;68;255;Issaquah
275;167;70;0;Tacoma
276;39;72;64;Olympia
277;167;74;128;Ellensburg
278;39;76;192;Portland
279;167;78;255;Eugene
280;40;80;0;Canterbury Commons
281;168;82;64;Uptown
282;40;84;128;Downtown
283;168;86;192;The Steel Yard
284;40;88;255;Westside
285;168;90;0;Red Rock Canyon
286;40;92;64;Leesburg
287;169;94;128;Martinsburg
288;41;96;192;Oakland
289;169;98;255;Morgantown
290;41;100;0;Johnstown
291;169;102;64;Altoona
292;41;104;128;Indiana
293;169;106;192;Brookville
294;42;108;255;Youngstown
295;170;110;0;Canton
296;42;112;64;Wheeling
297;170;114;128;Cleveland
298;42;116;192;Niagara Falls
299;170;118;255;Philadelphia
300;42;120;0;Bel Air
301;171;122;64;Towson
302;43;124;128;Glen Burnie
303;171;126;192;Clarksburg
304;43;128;255;Sharpsburg
305;171;130;0;Hagerstown
306;43;132;64;Gettysburg
307;171;134;128;York
308;44;136;192;Manchester
309;172;138;255;Fiend Ruins
310;44;140;0;Amarillo
311;172;142;64;East Lubbock
312;44;144;128;West Lubbock
313;172;146;192;Shreveport
314;44;148;255;Durant
315;173;150;0;Ada
316;45;152;64;Knox City
317;173;154;128;Graham
318;45;156;192;Abilene
319;173;158;255;San Antonio
320;45;32;0;Victoria
321;173;34;64;Juno
322;46;36;128;Zaragoza
323;174;38;192;Fort Smith
324;46;40;255;Branson
325;174;42;0;Fayettville
326;46;44;64;Jonesboro
327;174;46;128;Broken Arrow
328;46;48;192;Austin
329;175;50;255;Carbon
330;47;52;0;Glenwood Springs
331;175;54;64;San Isabel
332;47;56;128;Prestonburg
333;175;58;192;Raton
334;47;60;255;Albuquerque
335;175;62;0;Santa Fe
336;48;244;64;Tucumcari
337;176;66;128;Farmington
338;48;68;192;Springdale
339;176;70;255;Lexington
340;48;72;0;Richfield
341;176;74;64;Provo
342;48;76;128;Nephi
343;177;78;192;Duchesne
344;49;80;255;Ashland
345;177;82;0;Florence
346;49;84;64;Elizabethtown
347;177;86;128;Pioche
348;49;88;192;Sterling
349;177;90;255;McCook
350;50;92;0;Progresso
351;178;94;64;Vaughn
352;50;96;128;Tucson
353;178;98;192;Holbrook
354;50;100;255;Tonto
355;178;102;0;El Paso
356;50;104;64;Duncan
357;179;106;128;Socorro
358;51;108;192;Las Cruces
359;179;110;255;Caballo
360;51;112;0;Ancho
361;179;114;64;Antelope Wells
362;51;116;128;Silver City
363;179;118;192;Alpine
364;52;120;255;Roswell
365;180;122;0;Bowling Green
366;52;124;64;Madisonville
367;180;126;128;Mayfield
368;52;128;192;Daniel Boone
369;180;130;255;Henderson
370;52;132;0;Harlan
371;181;134;64;Parkersburg
372;53;136;128;Snowshoe
373;181;138;192;Logan
374;53;140;255;Oak Hill
375;181;142;0;Summersville
376;53;144;64;Lewisburg
377;181;146;128;The Divide
378;54;148;192;Huntingdon
379;182;150;255;Mifflin
380;54;152;0;New Castle
381;182;154;64;Franklin
382;54;156;128;China Town
383;182;158;192;Shi Town Docks
384;54;32;255;Hubologist Compound
385;183;34;0;Concord
386;55;36;64;Washington
387;183;38;128;Berkeley
388;55;40;192;Pleasanton
389;183;42;255;Titusville
390;50;200;0;Bitterwater
391;183;46;64;Modesto
392;56;48;128;Turlock
393;184;50;192;Allegheny
394;56;52;255;Emporium
395;184;54;0;Folsom
396;56;56;64;Arbuckle
397;184;58;128;Maxwell
398;56;60;192;Sea Ranch
399;185;62;255;Little River
400;57;64;0;Rockport
401;185;66;64;Six Rivers
402;57;68;128;Scranton
403;30;140;0;Carrizo
404;57;72;255;Moshannon
405;20;150;0;Ternecula
406;20;180;0;Santa Barbara
407;20;170;0;Malibu
408;20;160;0;Irvine
409;20;130;0;Barstow
410;10;190;0;Searles Valley
411;30;170;0;Lockhart
412;58;88;128;Northern Passage
413;187;90;192;Ash Springs
414;59;92;255;Zion Passage
415;187;94;0;Verde Passage
416;59;96;64;Colorado Passage
417;187;98;128;Grand Trail
418;59;100;192;Cineti 
419;187;102;255;Algora
420;60;140;0;Yuto
421;188;106;64;Noba
422;60;108;128;Mojave Trail
423;188;110;192;Vault 70
424;40;170;0;Lost Hills Military Base
425;20;110;0;Adytum
426;60;116;64;Howling Canyon
427;189;118;128;Tok's Stronghold
428;61;120;192;Bone Caves
429;189;122;255;Sandy Caves
430;61;124;0;Eastside
431;189;126;64;Westside
432;61;128;128;Virgin Street
433;189;130;192;New Reno Outskirts
434;62;132;255;North Platte
435;190;134;0;Cozad
436;62;136;64;Yankton Falls
437;190;138;128;Hay
438;62;140;192;Broken Bow
439;190;142;255;Susquehannok
440;62;144;0;Ponca
441;191;146;64;Twain Scrubland
442;63;148;128;Clayton
443;191;150;192;Kalz
444;63;152;255;Aubu
445;191;154;0;Marvile
446;63;156;64;Hebron
447;191;158;128;Huroh
448;64;32;192;Watertown
449;192;34;255;Mankatt
450;64;36;0;Willma
451;192;38;64;Tioga
452;64;40;128;Uoil
453;192;42;192;Jamik
454;64;44;255;Yunkton
455;193;46;0;Bompton
456;65;48;64;Aburduun
457;193;50;128;Moplank
458;65;52;192;Antis
459;193;54;255;Eabutte
460;65;56;0;Lennom
461;193;58;64;Chequa
462;66;60;128;Aledria
463;194;62;192;Mali
464;66;64;255;Bolling
465;194;66;0;Estav
466;66;68;64;Tvis
467;194;70;128;Kalico
468;66;72;192;Moose
469;195;74;255;Jawsi
470;67;76;0;Carrinti
471;195;78;64;Miat
472;67;80;128;Toagi
473;195;82;192;Willistan
474;67;84;255;Beufor
475;195;86;0;Warfad
476;68;88;64;Steelan
477;196;90;128;Fireview
478;68;92;192;Benchnut
479;196;94;255;Kewane
480;68;96;0;Galeslock
481;196;98;64;Chum
482;68;100;128;Clank
483;197;102;192;Joliet
484;69;104;255;Tank
485;197;106;0;Chicago Freeway
486;69;108;64;Dampen
487;197;110;128;Westa
488;69;112;192;Nuki
489;197;114;255;Dunk
490;70;116;0;Sampi 
491;198;118;64;Casa Grande
492;70;120;128;Fort Apache
493;198;122;192;Wikiup
494;70;124;255;Havasu City
495;117;181;0;Fort Mohave
496;70;128;64;Aio
497;199;130;128;Jacknut
498;71;132;192;Tombstone 
499;199;134;255;Caborca
500;71;136;0;El Burro
501;199;138;64;Aconchi
502;71;140;128;Bacerac
503;199;142;192;El Medio
504;72;144;255;Benito
505;200;146;0;Namiquipa
506;72;148;64;Temo
507;200;150;128;Yecora
508;72;152;192;Misa
509;200;154;255;Mazatan
510;72;156;0;Camargo
511;201;158;64;Morelos
512;73;32;128;Santiago
513;201;34;192;San Dimas
514;73;36;255;Madalasb
515;201;38;0;Laredo
516;73;40;64;Allentown
517;201;42;128;Creel
518;74;44;192;Fuerte
519;202;46;255;Jerez
520;74;48;0;Tepic
521;202;50;64;Vallarta
522;74;52;128;Sayulita
523;202;54;192;Ira
524;74;56;255;Tampico
525;203;58;0;Morelia
526;75;60;64;Guzman
527;203;62;128;Autlan
528;75;64;192;Fresnillo
529;203;66;255;Cos
530;75;68;0;Garcia
531;203;70;64;Tuel
532;76;72;128;Jaumaye
533;204;74;192;Palmillas
534;76;76;255;Mante
535;204;78;0;Manuel
536;76;80;64;Aldama
537;204;82;128;Altamira
538;76;84;192;Vault 81
539;205;86;255;Diamond City
540;77;88;0;Gunners Plaza
541;205;90;64;WRVR Broadcast Station
542;77;92;128;Vault 95
543;205;94;192;Fort Hagen Satellite Array
544;77;96;255;Weston Water Treatment Plant
545;205;98;0;C.I.T Ruins
546;78;100;64;College Square
547;206;102;128;Cambridge Crater
548;78;104;192;Bunker Hill
549;206;106;255;Boston Airport
550;78;108;0;Saugus Ironworks
551;206;110;64;General Atomics Galleria
552;78;112;128;Thicket Excavations
553;207;114;192;Concord
554;79;116;255;Lexington
555;207;118;0;Ghost Farm
556;79;120;64;Junkyard
557;207;122;128;Remnants Bunker
558;40;120;0;Watershed
559;40;130;0;Hall of the Dead
560;147;157;84;Caliente
561;10;180;0;Anza-Borrego
562;131;157;81;Hub Water Tower
563;174;157;38;Heights
564;75;157;98;Hub Downtown
565;190;157;81;Old Town
566;61;157;100;Broken Bluffs
567;167;157;106;Bleeding Hills
568;73;157;133;Ashen Rise
569;184;157;84;Lincoln's Retreat
570;181;128;177;Ashen Crossing
571;110;120;157;Sunburnt Ridge
572;26;203;253;Lake Ontario
573;113;184;92;Columbia
574;79;113;69;Florence
575;54;145;99;Rock
576;68;198;187;Asheville
577;177;198;92;Seneca
578;124;138;70;Helen
579;45;26;142;Athens
580;63;184;115;Atlanta
581;35;103;30;Augusta
582;156;166;71;Macon
583;109;166;71;Griffin
584;80;65;134;Sanders
585;63;184;146;Columbus
586;224;229;66;Montgomery
587;159;68;68;Birmingham
588;96;134;48;Talladega
589;111;149;45;Demopolis
590;163;105;36;Chatom
591;77;180;128;Grove
592;67;159;113;Marianna
593;161;208;100;Lake City
594;159;87;44;Orlando
595;44;159;133;Tampa
596;102;142;55;Everglades
597;45;183;45;Charlotte
598;68;190;160;Raleigh
599;68;140;190;Elizabeth City
600;54;152;80;Asheboro
601;173;153;45;Goldsboro
602;153;156;66;Fayetteville
603;83;202;156;Blackstone
604;59;132;49;Galax
605;52;166;122;Lynchburg
606;114;166;52;Hampden
607;194;198;92;Roanoke
608;106;134;87;Richmond
609;60;92;79;Lex
610;179;183;73;Wayn
611;109;190;150;Edmonton
612;163;118;150;Regina
613;115;118;63;Winnipeg
614;115;171;63;Labrador
615;227;119;56;Newfoundland
616;147;119;104;Anticosti Island
617;77;119;159;Sept-Îles
618;174;119;117;Radisson
619;115;119;72;Saquenay
620;115;178;72;Miquelon
621;157;178;191;Nitchequon
622;205;178;107;Shawiunigan
623;153;178;86;Ashuapmushuan
624;104;107;114;Verendrye
625;132;139;173;Val'd'Or
626;97;119;139;Joutel
627;76;188;132;Kipawa
628;143;119;201;Nemiscau
629;121;188;118;North Bay
630;153;150;167;Gogama
631;171;150;86;Timmins
632;98;150;156;Smoky Falls
633;157;150;69;Opasatika
634;94;150;51;Moosonee
635;157;150;142;White River
636;83;125;111;Pagwa
637;118;125;27;Ogoki
638;104;73;149;Kashechewan
639;167;73;86;Winisk
640;104;73;90;Wabakimi
641;97;142;160;Pikangikum
642;163;142;184;Opasquia
643;164;142;110;Slate Falls
644;112;142;93;Tegamani
645;174;142;149;Weageamow
646;192;192;79;Ashurita
647;101;158;114;Pinawa
648;94;73;132;Brandon
649;185;122;48;Atikaki
650;112;153;75;Poplar
651;105;91;93;Ashern
652;133;209;48;Grand Rapids
653;91;164;212;Riding
654;97;164;97;The Pas
655;150;129;152;Altona
656;153;87;173;Roblin
657;177;255;156;Virdin
658;167;133;93;Botts
659;101;171;61;Velva
660;156;146;101;Belfield
661;97;146;49;Medora
662;91;146;139;Bark
663;80;133;132;Grafton
664;101;115;146;Hibbing
665;143;146;126;Faith
666;77;146;84;Sallis
667;147;68;136;Wolf Point
668;195;68;63;Glendive
669;143;98;73;Malt
670;154;167;112;Chinook
671;80;199;89;Kalispell
672;91;199;208;Kaniksu
673;125;167;89;Great Falls
674;91;167;142;Missoula
675;150;167;47;Naz
676;112;167;103;Jala
677;104;167;173;Estevan
678;104;118;97;Moose Jaw
679;163;118;65;Swift Current
680;59;118;205;Saskatoon
681;149;118;125;Humboldt
682;157;185;191;Yorkton
683;213;185;138;Battleford
684;101;185;132;Melfort
685;101;132;132;Nipawin
686;205;118;156;Kindersley
687;178;132;212;Namipi
688;111;198;58;Flin Flon
689;97;198;159;Rouge
690;181;122;69;Loon
691;108;122;139;Malanosa
692;195;122;103;Calgary
693;136;122;68;Lethbridge
694;77;122;134;Medicine Hat
695;101;164;191;Red Deer
696;109;118;150;Banff
697;150;118;65;Lloydminster
698;83;178;120;Athabasca
699;52;255;26;Whitecourt
700;213;213;82;Jasper
701;171;147;22;Drumheller
702;38;147;44;Brooks
703;115;147;85;Chetwynd
704;42;59;93;Kamloops
705;210;59;76;Kelowna
706;77;59;149;Vernon
707;125;59;205;Kitmat
708;125;156;205;Graham Island
709;191;104;68;Kingcome
710;132;104;72;Zellabos
711;51;104;107;Kleena
712;97;104;187;Hazelton
713;177;104;117;Stonepass
714;79;167;64;Splitshore
715;142;167;187;Sketton
716;165;190;121;Wulcet
717;67;190;97;Echo
718;193;190;153;Sechelt
719;109;95;121;Gibson
720;53;95;44;Bralorne
721;80;52;117;Memberton
722;255;52;0;Chasm
723;70;52;202;Riske
724;168;52;72;Tonasket
725;91;52;96;Coolin
726;103;76;64;Vineland
727;231;78;128;Brick
728;104;80;192;Edison
729;232;82;255;Trenton
730;104;84;0;Morristown
731;232;86;64;Newark
732;104;88;128;Woodbury
733;232;90;192;Newburg
734;104;92;255;Roscoe
735;153;134;173;Oneonta
736;105;96;64;Utica
737;233;98;128;Syracuse
738;105;100;192;Elmira
739;233;102;255;Rochester
740;105;104;0;Hornell
741;233;106;64;Buffalo
742;106;108;128;Olean
743;234;110;192;Oswego
744;106;112;255;Watertown
745;234;114;0;Black River
746;106;116;64;High Peaks
747;234;118;128;Potsdam
748;106;120;192;Plattsburgh
749;235;122;255;Auburn
750;107;124;0;Fredonia
751;235;126;64;Lakewood
752;107;128;128;Saratoga Springs
753;235;130;192;Hannibal
754;107;132;255;Joplin
755;235;134;0;Overland Park
756;108;136;64;Clinton
757;236;138;128;Lebanon
758;108;140;192;Monroe City
759;236;142;255;Edina
760;108;144;0;Brookfield
761;236;146;64;Conception
762;108;148;128;Warrensburg
763;237;150;192;Jacksonville
764;109;152;255;Marion
765;237;154;0;Centralia
766;109;156;64;Springfield
767;237;158;128;Effingham
768;109;32;192;Edwardville
769;237;34;255;Pittsfield
770;110;36;0;Ascaran
771;238;38;64;Ozark
772;110;40;128;Parsons
773;238;42;192;Osage City
774;110;44;255;Holton
775;238;46;0;Knoxville
776;110;48;64;Cookeville
777;239;50;128;Murfreesboro
778;111;52;192;Franklin
779;239;54;255;Tullahoma
780;111;56;0;Waynesboro
781;239;58;64;Milan
782;111;60;128;Union City
783;239;62;192;Memphis
784;112;64;255;Pulaski
785;240;66;0;Cleveland
786;112;68;64;Shelbyville
787;240;70;128;Sparta
788;112;72;192;Citronelle
789;240;74;255;Demopolis
790;112;76;0;Jasper
791;241;78;64;Atmore
792;113;80;128;Huntsville
793;241;82;192;Gulfport
794;113;84;255;Natches
795;241;86;0;Hattiesburg
796;113;88;64;Meridian
797;241;90;128;Vicksburg
798;215;191;212;Greenville
799;242;94;255;Starkville
800;114;96;0;Tupelo
801;242;98;64;Southaven
802;114;100;128;Oxford
803;242;102;192;Columbia
804;114;104;255;Laurel
805;243;106;0;Slidell
806;115;108;64;Thibodaux
807;243;110;128;Morgan City
808;115;112;192;New Iberia
809;243;114;255;Lake Charles
810;115;116;0;Alexandria
811;243;118;64;Shreveport
812;116;120;128;Ruston
813;244;122;192;Tallulah
814;116;124;255;Kentwood
815;244;126;0;Marksville
816;116;128;64;Lafayette
817;244;130;128;Jennings
818;116;132;192;DeRidder
819;245;134;255;El Dorado
820;117;136;0;Texarkana
821;245;138;64;Pine Bluff
822;117;140;128;Hot Springs
823;245;142;192;Jonesboro
824;117;144;255;Searcy
825;245;146;0;Conway
826;118;148;64;Booneville
827;246;150;128;Forrest City
828;118;152;192;Tulsa
829;246;154;255;Woodward
830;118;156;0;Enid
831;246;158;64;Ardmore
832;118;32;128;Guymon
833;247;34;192;New Haven
834;119;36;255;Broken Bow
835;128;34;79;Atoka
836;0;36;126;Okmulgee
837;128;38;173;Sapulpa
838;0;40;32;Lawton
839;128;42;79;Seminole
840;0;44;126;Antlers
841;129;46;173;Falfurrias
842;1;48;32;Kingsville
843;129;50;79;Laredo
844;1;52;126;Crystal City
845;129;54;173;Norwalk
846;1;56;32;Goliad
847;129;58;79;Bay City
848;2;60;126;Brenham
849;130;62;173;Rosenberg
850;2;64;32;Edna
851;130;66;79;Beaumont
852;2;68;126;Jasper
853;130;70;173;Woodville
854;2;72;32;Sabine
855;131;74;79;Lufkin
856;3;76;126;Fairfield
857;131;78;173;Giddings
858;3;80;32;Gonzales
859;131;82;79;Corsicana
860;3;84;126;Canton
861;131;86;173;Mt Pleasant
862;4;88;32;Sulphur Springs
863;132;90;79;Denison
864;4;92;126;San Angelo
865;132;94;173;Odessa
866;0;120;0;Guaycura
867;132;98;79;Fort Stockton
868;20;140;0;The Cathedral
869;133;102;173;Sonora
870;5;104;33;Texon
871;133;106;79;Navarro
872;5;108;126;Siuslaw
873;133;110;173;Chinook
874;5;112;32;Salish
875;133;114;79;Paiute
876;6;116;126;Pandale
877;134;118;173;Bloomfield
878;6;120;32;Navajo
879;134;122;79;Flagstaff
880;6;124;126;Salida
881;134;126;173;Del Rio
882;6;128;32;Mescalero
883;135;130;79;Midland
884;7;132;126;Rocksprings
885;135;134;173;Teyas
886;7;136;32;Waco
887;135;138;79;Fort Worth
888;7;140;126;Menard
889;135;142;173;Canyon City
890;8;144;32;Bunker Epsilon
891;136;146;79;Brownwood
892;8;148;126;Ashmana
893;136;150;173;New Orleans
894;8;152;32;Caddo
895;136;154;79;Little Rock
896;8;156;126;Ranger
897;137;158;173;Quapaw
898;9;32;32;Lincoln
899;137;34;79;San Saba
900;9;36;126;Eden
901;137;38;173;Vernon
902;9;40;32;Iowa City
903;137;42;79;Klank
904;10;44;126;Wahpeton
905;138;46;173;Sioux Falls
906;10;48;32;Yanktonai
907;138;50;79;Aspermont
908;10;52;126;Sisseton
909;138;54;173;Matador
910;10;56;32;Makoua
911;139;58;79;Menominee
912;11;60;126;Sauk
913;139;62;173;Eruc
914;11;64;32;Winnebago
915;139;66;79;Spur
916;20;190;0;Santa Maria
917;139;70;173;Cahokia
918;12;72;32;Shelby
919;140;74;79;Chickasaw
920;12;76;126;Choctaw
921;140;78;173;Baton Rouge
922;12;80;32;Mobile
923;140;82;79;Pensacola
924;12;84;126;Alabama
925;141;86;173;Tuskegee
926;13;88;32;Ais
927;141;90;79;Timucua
928;13;92;126;Tallahasee
929;141;94;173;Savannah
930;13;96;32;Muskogee
931;141;98;79;Coosa
932;14;100;126;Santee
933;142;102;173;Catawba
934;14;104;32;Nashville
935;142;106;79;Cherokee
936;14;108;126;Lamesa
937;142;110;173;Tuscarora
938;14;112;32;Pamlico
939;143;114;79;Achkerly
940;15;116;126;Louisville
941;143;118;173;Levelland
942;15;120;32;Wea
943;143;122;79;Indianapolis
944;15;124;126;Potawatomi
945;143;126;173;Traverse
946;16;128;32;Columbus
947;144;130;79;Erie
948;16;132;126;Charleston
949;144;134;173;Monacan
950;16;136;32;Chesapeake
951;144;138;79;Kanawha
952;16;140;126;Powhatan
953;145;142;173;Rivet City
954;17;144;32;The Pitt
955;145;146;79;Susquehanna
956;17;148;126;Lenape
957;145;150;173;Delaware
958;17;152;32;Seneca
959;145;154;79;Morton
960;18;156;126;Onondaga
961;146;158;173;Plainview
962;18;32;32;Unami
963;146;34;79;Hereford
964;18;36;126;Mohawk
965;146;38;173;Manhattan
966;18;40;32;Nipmuc
967;147;42;79;Narraganset
968;19;44;126;Goodneighbor
969;147;46;173;Pocumtuk
970;19;48;32;Merrimack
971;147;50;79;Vega
972;19;52;126;Clarendon
973;20;200;0;Morro Bay
974;20;56;32;Waka
975;148;58;79;Dumas
976;20;60;126;Dalhart
977;148;62;173;Friona
978;20;64;32;Lakeview
979;148;66;79;Spearman
980;20;68;126;Reynosa
981;149;70;173;Anahauc
982;21;72;32;Cloves
983;149;74;79;Hobbs
984;21;76;126;Piedras Negras
985;149;78;173;Ciudad Acuna
986;21;80;32;Torrington
987;149;82;79;Niagara
988;22;84;126;Huron
989;150;86;173;Ontario
990;22;88;32;Pittsfield
991;150;90;79;Keene
992;22;92;126;Killington
993;150;94;173;Laconia
994;22;96;32;Portland
995;151;98;79;Burlington
996;30;150;0;Avenal
997;30;110;0;Gorda
998;30;120;0;Salinas
999;30;130;0;Mendota
1000;50;160;0;Fresno
1001;151;110;173;Asshai
1002;24;112;32;;Visalia
1003;50;190;0;Merced
1004;24;116;126;Sonora
1005;152;118;173;Gilroy
1006;50;170;0;Banos
1007;152;122;79;Ojibwa
1008;40;190;0;Paso
1009;40;200;0;Delano
1010;40;150;0;Bakersfield
1011;30;200;0;Twin Oaks
1012;30;190;0;Bear Valley
1013;30;180;0;Arvin
1014;40;160;0;Alpaugh
1015;50;110;0;Camp Nelson
1016;26;140;126;Garlock
1017;154;142;173;Copper City
1018;50;130;0;Coso
1019;154;146;79;Teakettle
1020;26;148;126;Fales
1021;154;150;173;Lodi
1022;26;152;32;Elk Grove
1023;155;154;79;Tahoe
1024;27;156;126;Ukiah
1025;155;158;173;Mendocino
1026;27;32;32;Covelo
1027;155;34;79;Vaca
1028;27;36;126;Leggett
1029;155;38;173;Red Bluff
1030;28;40;32;Hayfork
1031;156;42;79;Shista
1032;28;44;126;Arcata
1033;156;46;173;Weaver
1034;28;48;32;Hyampo
1035;156;50;79;Mad River
1036;28;52;126;Zenia
1037;157;54;173;Whitehorn
1038;29;56;32;Jackson
1039;157;58;79;Redwood
1040;29;254;126;Hart
1041;157;62;173;Elzia
1042;29;64;32;Rustcliff
1043;157;66;79;Portola
1044;30;68;126;Sun Valley
1045;158;70;173;Cold Springs
1046;30;243;32;Verdi
1047;158;174;79;Orick
1048;30;76;126;Hiouchi
1049;158;78;173;Crescent City
1050;30;80;32;Requa
1051;159;82;79;Arroyo Hunting Grounds
1052;31;84;126;Tionesta
1053;159;86;173;Alturas
1054;31;88;32;Termo
1055;159;90;79;Lassen
1056;31;92;126;Adin
1057;159;94;173;Tohakum
1058;32;96;32;Kumiva
1059;160;98;79;Granite Peak
1060;32;100;126;Sulphur
1061;160;102;173;Ironite
1062;32;104;32;Santel
1063;160;106;79;Argenta
1064;32;108;126;Elko
1065;161;110;173;Vali
1066;33;112;32;Carva
1067;161;114;79;Hamilton
1068;33;116;126;Trout
1069;161;118;173;Nail
1070;33;120;32;Carsen
1071;161;122;79;Sandhill
1072;34;124;126;Inyo
1073;162;226;173;Sierra
1074;34;228;32;Hawthorne
1075;162;130;79;Silver Peak
1076;34;132;126;Tonopah
1077;162;134;173;Nivloc
1078;34;136;32;Alkali
1079;163;138;79;Gold Point
1080;35;140;126;Tokop
1081;163;142;173;Adaven
1082;35;144;32;Kirch
1083;163;146;79;Lund
1084;35;148;126;Kawich
1085;163;150;173;Morey
1086;36;152;32;Ibapah
1087;164;154;79;Gold Hill
1088;36;156;126;Partoun
1089;164;158;173;Gandy
1090;36;232;32;Eskda
1091;164;34;79;Erda
1092;36;36;126;Tooele
1093;165;38;173;Terra
1094;37;240;32;Argon
1095;165;42;79;Orem
1096;37;44;126;Payi
1097;165;46;173;Santaqui
1098;37;248;32;Verna
1099;165;50;79;Nephi
1100;38;52;126;Jericho
1101;27;223;253;Lake Erie
1102;28;253;253;Lake Huron
1103;29;203;203;Lake Michigan
1104;30;203;253;Lake Superior
1105;31;223;253;Lake Nipigon
1106;32;253;253;Lake Winnipeg
1107;27;0;240;La Grande Riviere
1108;28;0;244;Lake Island
1109;39;0;248;Great Salt Lake
1110;117;159;220;Lake Mead
1111;204;74;79;Great Basin;     		### 1808
1112;145;64;232;Lakota;         		### 2008
1113;150;128;236;Oglala;        		### 2009
1114;55;1;80;Hartford;          		### 2010
1115;155;2;120;Shenandoah;      		### 2011
1116;75;4;40;Augusta;           		### 2013
1117;105;6;160;Natchitoches;    		### 2014
1118;65;7;40;Nipigon;           		### 2015
1119;155;12;160;Bannock;        		### 2020
1120;25;13;70;San Francisco;    		### 2021
1121;55;14;120;Munsee;          		### 2023
1122;10;120;0;Dayglow;          	    ### 2476
1123;40;110;0;Vault 12;          		### 2478
1124;190;100;196;Maidu;         		### 2479
1125;148;161;95;Klamath;        		### 2481
1126;211;31;246;Umatilla;       		### 2483
1127;43;51;196;Quileute;        		### 2484
1128;106;12;95;Yakima;          		### 2486
1129;232;201;46;Kalus;        		    ### 2487
1130;67;201;145;Goshute;        		### 2490
1131;193;139;95;Nipton;         		### 2491
1132;151;161;246;Hopi;          		### 2943
1133;88;38;196;Zuni;            		### 2494
1134;46;231;95;Jicarilla;       		### 2496
1135;172;191;46;Lipiyanes;      		### 2497
1136;7;131;145;Querecho;        		### 2500
1137;28;171;196;Eelalapito;     		### 2504
1138;154;243;145;Tsitsistas;    		### 2505
1139;91;2;95;Kuccuntikka;       		### 2506
1140;217;131;46;Baachinena;     		### 2507
1141;49;141;246;Skiri;          		### 2508
1142;10;121;46;Wahpekute;       		### 2512
1143;136;158;246;Moingwena;     		### 2513
1144;73;112;196;Michigamea;     		### 2514
1145;199;232;145;Satuskhdin;    		### 2515
1146;31;64;95;Adai;             		### 2516
1147;157;164;46;Mdewakanton;    		### 2517
1148;94;48;246;Noquet;          		### 2518
1149;220;44;196;Kilatika;       		### 2519
1150;178;3;95;Okouara;          		### 2521
1151;115;141;46;Lansing;      		    ### 2522
1152;241;101;246;Hoosier;    		    ### 2523
1153;13;31;196;Seymour;          		### 2524
1154;139;11;145;Cincinnati;    		    ### 2525
1155;76;1;95;Frankfort;         		### 2526
1156;202;202;46;Chickamauga;    		### 2527
1157;34;122;246;Yazoo;          		### 2528
1158;160;221;196;Jackson;       		### 2529
1159;97;12;145;Biloxi;          		### 2530
1160;223;132;95;Napochi;        		### 2531
1161;55;131;46;Tuscaloosa;              ### 2532
1162;118;131;196;Yustaga;       		### 2534
1163;244;231;145;Calusa;        		### 2535
1164;16;19;95;Miami;          		    ### 2536
1165;142;31;46;Hitchiti;        		### 2537
1166;79;131;246;Yamasee;        		### 2538
1167;205;1;196;Mocama;          		### 2539
1168;37;6;145;Coweta;           		### 2540
1169;100;3;46;Cusabo;           		### 2542
1170;226;41;246;Waccamaw;       		### 2543
1171;121;161;95;Chicora;        		### 2546
1172;247;131;46;Plymouth;        		### 2547
1173;19;131;246;Tutelo;         		### 2548
1174;145;255;196;Moratok;       		### 2549
1175;82;31;145;Aylett;            		### 2550
1176;208;199;95;Monongahela;    		### 2551
1177;40;61;46;Manahoac;         		### 2552
1178;166;31;246;Potomac;        		### 2553
1179;103;21;196;Nanticoke;      		### 2554
1180;229;31;145;Honniasont;     		### 2555
1181;61;31;95;Monroeville;              ### 2556
1182;187;222;46;Atrakwaye;      		### 2557
1183;124;131;246;Kington;     		    ### 2558
1184;2;131;145;Quinnipiac;      		### 2560
1185;128;181;95;Quincy Ruins;      		### 2561
1186;65;133;46;Pennacook;       		### 2562
1187;191;123;246;Montpelier;     		### 2563
1188;23;31;196;Sokoki;          		### 2564
1189;149;122;145;Kennebec;      		### 2565
1190;71;194;95;Tionontate;      		### 2586
1191;197;197;46;Odawa;          		### 2587
1192;0;170;0;Nakipa;         		    ### 2620
1193;164;12;145;Hinonoeino;     		### 2625
1194;230;31;196;Sawgut;        		    ### 2639
1195;216;31;246;College Station;		### 2665
1196;237;31;46;Dallas;          		### 2669
1197;111;61;95;Ronto;        		    ### 2670
1198;237;231;46;Missisage;      		### 2671
1199;192;101;46;Kitkehaki;      		### 2672
1200;234;43;92;New Vegas;       		### 2954
1201;234;176;93;Clark;          		### 2955
1202;115;100;185;Shady Sands;           ### 2956
1203;5;104;32;Mariposa;             	### 2958
1204;50;120;0;One Pine;              	### 2959
1205;40;180;0;Lost Hills;         	    ### 2960
1206;30;160;0;The Flats;                ### 2961
1207;128;202;167;The Hub;           	### 2962
1208;213;93;39;The Glow;            	### 2963
1209;149;141;52;Bitter Springs;     	### 2964
1210;0;155;200;Hidden Valley;       	### 2965
1211;230;69;153;HELIOS One;         	### 2966
1212;0;64;97;Nellis Air Force Base; 	### 2967
1213;0;119;79;Mount Charleston;     	### 2968
1214;145;202;111;Zion Canyon;       	### 2969
1215;0;185;175;Den;                 	### 2970
1216;157;36;70;Redding;             	### 2971
1217;194;129;42;Sierra Army Depot;  	### 2972
1218;149;141;200;Stables;           	### 2973
1219;0;139;164;Golgotha;            	### 2974
1220;251;172;58;Broken Hills;          	### 2975
1221;40;140;0;Maxson;             	    ### 2976
1222;50;180;0;Vault 13;              	### 2977
1223;50;79;36;New Reno;             	### 2978
1224;50;150;0;San Bernardio;     	    ### 2979
1225;176;31;142;Vault 15;               ### 2980
1226;89;94;170;Modoc;               	### 2981
1227;248;152;57;Vault City;         	### 2982
1228;125;194;66;Gecko;              	### 2983
1229;254;193;90;Washington;         	### 2985
1230;209;167;206;Arlington;         	### 2986
1231;209;68;152;Point Lookout;      	### 2987
1232;182;213;79;Coldwater;          	### 2988
1233;145;110;42;Bunker Alpha;          	### 2989
1234;0;123;150;Freeport;                ### 2990
1235;166;71;36;Chippewa;            	### 2991
1236;190;199;49;Rock Falls;             ### 2992
1237;249;163;125;Bunker Beta;       	### 2993
1238;213;74;39;Peoria;             	    ### 2994
1239;22;74;35;Columbia;               	### 2995
1240;249;239;98;Macomb;             	### 2996
1241;192;106;40;Bunker Gamma;       	### 2997
1242;219;43;18;Mardin;              	### 2998
1243;127;162;62;St. Louis;          	### 2999
1244;213;81;39;Jefferson;           	### 3000
1245;158;114;178;Jackson;       	    ### 3001
1246;172;209;55;Junction City;      	### 3002
1247;40;182;124;Howell;           	    ### 3003
1248;64;35;101;Bunker Delta;        	### 3004
1249;246;135;99;Great Bend;         	### 3005
1250;0;175;231;Cheyenne Mountain;   	### 3006
1251;0;153;131;Buena Vista;         	### 3007
1252;164;161;54;Salt Lake;          	### 3009
1253;155;183;224;Box Elder;         	### 3010
1254;197;188;48;Parump;             	### 3011
1255;50;140;0;Nye;                  	### 3012
1256;0;154;222;Lincoln County;      	### 3013
1257;213;140;180;Grand Junction; 	    ### 3014
1258;128;68;154;Mesa Verde;             ### 3015
1259;122;109;177;Chicago;            	### 3016
1260;127;162;213;Megaton;           	### 3017
1261;109;231;197;Salem;             	### 3024
1262;175;83;100;Sanctuary;         	    ### 3025
1263;54;83;52;Mass Fusion;          	### 3026
1264;80;83;177;The Castle;          	### 3027
1265;141;83;124;Jamaica Plain;      	### 3028
1266;236;157;187;Yarmouth;          	### 3029
1267;107;157;52;Fall River;         	### 3030
1268;209;157;73;Providence;         	### 3031
1269;209;197;73;Worchester;         	### 3032
1270;86;197;162;Lowell;             	### 3033
1271;165;197;83;Newburyport;        	### 3034
1272;99;83;124;The Glowing Sea;     	### 3035
1273;177;195;205;Newport;           	### 3036
1274;165;62;68;New London;          	### 3037
1275;53;167;42;Holyoke;             	### 3038
1276;43;192;88;Amherst;             	### 3039
1277;132;124;39;Lawrence;           	### 3040
1278;91;141;236;Old North Church;       ### 3041
1279;118;159;146;Temple of Trials;  	### 3042
1280;185;132;57;Adams Airforce Base;	### 3043
1281;86;152;160;V.C. Courtyard ;    	### 3044
1282;116;152;28;V.C. Commercial Q;  	### 3045
1283;189;224;16;Long Island;        	### 3046
1284;253;160;205;Great Lanta;       	### 3047
1285;191;143;207;Pilgrims Landing;  	### 3048 
1286;223;1;62;Syracuse;             	### 3049
1287;223;12;62;Aryati;   	            ### 3050 
1288;139;99;118;Bradberton;         	### 3051
1289;90;68;6;World of Refreshment;   	### 3052  
1290;247;225;77;Dry Rock Gulch;     	### 3053
1291;109;159;19;Safari Adventure;  	    ### 3054
1292;218;112;251;Kiddie Kingdom;    	### 3055
1293;210;203;123;Fizztop Mountain;  	### 3056
1294;71;170;210;Nuka Town;          	### 3057
1295;140;14;37;Galactic Zone;       	### 3058
1296;117;97;20;Dry Wells;           	### 3059
1297;141;22;34;Covenant;              	### 3060
1298;198;20;198;Parsons Asylum;     	### 3061
1299;243;28;50;Mahkra Fishpacking;  	### 3062
1300;75;246;22;Old Olney;           	### 3063
1301;204;154;4;Natick;              	### 3064
1302;10;170;0;Sierra Madre;      	    ### 3065
1303;10;150;0;Salida del Sol;      	    ### 3066
1304;10;160;0;Puesta del Sol;       	### 3067
1305;10;130;0;Palm Springs;      	    ### 3068
1306;10;140;0;San Salvador;        	    ### 3069
1307;90;18;42;The Yuca Mountain;    	### 3070
1308;10;200;0;Irving;               	### 3071
1309;78;145;154;Axsum;              	### 3072
1310;78;78;84;Guntoo;               	### 3073
1311;163;155;67;Kalti;              	### 3074
1312;163;74;109;Bantar;             	### 3075
1313;163;82;130;Wintum;             	### 3076
1314;163;176;178;Eltoo;             	### 3077
1315;211;137;52;Juma;               	### 3078
1316;211;151;151;Bypond;            	### 3079
1317;211;82;49;Eastmallow;          	### 3080
1318;78;134;154;Lochbarrow;         	### 3081
1319;78;127;70;Southston;           	### 3082
1320;78;53;101;Glamsey;             	### 3083
1321;78;141;126;Pukkne;             	### 3084
1322;124;141;126;Holmington;        	### 3085
1323;187;190;77;Penlow;             	### 3086
1324;57;78;49;Diepit;               	### 3087
1325;57;113;161;Frozencutt;         	### 3088
1326;57;50;116;Tillying;            	### 3089
1327;39;95;105;Seaonas;             	### 3090
1328;62;72;154;Slutsmere;           	### 3091
1329;62;124;39;Salem;             	    ### 3092
1330;62;83;168;Paklo;               	### 3093
1331;62;145;105;Seeni;              	### 3094
1332;170;51;140;Fulshen;            	### 3095
1333;170;117;178;Pipwip;            	### 3096
1334;58;47;109;Blaknak;             	### 3097
1335;131;114;168;Coltump;           	### 3098
1336;208;191;175;Dogfure;           	### 3099
1337;232;90;105;Easelfort;          	### 3100
1338;64;56;126;Rivet;               	### 3101
1339;64;109;172;Nut;                	### 3102
1340;64;144;67;Bolt;                	### 3103
1341;172;74;109;Latko;              	### 3104
1342;49;74;109;Darkdump;            	### 3105
1343;151;148;133;Maryford;          	### 3106
1344;81;81;133;Axel;                	### 3107
1345;81;67;35;Woldington;           	### 3108
1346;57;67;133;Morwardine;          	### 3109
1347;57;144;122;Boise;            	    ### 3110
1348;126;106;182;Elkne;             	### 3111
1349;88;127;74;Wealdst;             	### 3112
1350;88;217;133;Balafield;          	### 3113
1351;34;126;150;Hitkat;             	### 3114
1352;34;193;25;Lumano;              	### 3115
1353;34;64;179;Arclit;              	### 3116
1354;0;102;186;Oonatita;            	### 3117
1355;0;130;81;Ankatni;              	### 3118
1356;137;64;119;Overton;            	### 3119
1357;137;147;105;Kallet;            	### 3120
1358;116;119;217;Sumota;            	### 3121
1359;116;186;192;Untyia;            	### 3122
1360;126;99;165;Ammanet;            	### 3123
1361;126;196;189;Elbow;             	### 3124
1362;126;130;147;Root;              	### 3125
1363;126;170;123;Skeet;             	### 3126
1364;126;93;137;Frogwhip;           	### 3127
1365;211;176;105;Palmisle;          	### 3128
1366;211;86;52;Belysaton;           	### 3129
1367;211;138;123;Kelkthorpe;        	### 3130
1368;211;187;112;Burnstat;          	### 3131
1369;155;149;81;Elpside;            	### 3132
1370;136;194;150;Exmat;             	### 3133
1371;136;191;56;Boggcrack;          	### 3134
1372;136;180;147;Wespor;            	### 3135
1373;8;159;70;Cacheout;             	### 3136
1374;8;184;95;Mortree;              	### 3137
1375;66;114;137;Slimekar;           	### 3138
1376;66;197;151;Carnmark;           	### 3139
1377;148;182;179;Colorado Basin;    	### 4000
1378;12;133;28;Kofa                     ### 4003
1379;12;91;136;Gila                     ### 4004
1380;12;126;88;Cabeza                   ### 4005
1381;202;109;139;Watkins                ### 4006
1382;232;73;82;Canyon City R.S.         ### 4007
1383;129;49;59;Springfield M.S.         ### 4008
1384;68;191;20;Canyon City N.F.         ### 4009
1385;247;230;197;The Sink               ### 4010
1386;236;81;27;Higgs Village            ### 4011
1387;169;237;138;Hexcrete Archipelago   ### 4012
1388;113;110;144;X-13 Research Facility ### 4013
1389;234;28;255;Little Yangtze          ### 4014
1390;98;27;186;Big-MT Collapsed Tunnel  ### 4015
1391;193;41;92;Forbidden Zone Dome      ### 4016
1392;156;143;65;X-8 Research Facility   ### 4017
1393;181;194;70;Gravestone              ### 4018
1394;180;144;78;Dirt Haven              ### 4019
1395;185;181;192;Devils Graveyard       ### 4020
1396;243;9;30;Appleton                  ### 4021
1397;106;27;206;Osceolla                ### 4022
1398;64;66;54;Great Bend Steelworks     ### 4023
1399;250;112;61;Springfield Industrial  ### 4024
1400;4;140;73;Shant                     ### 4025
1401;250;255;73;Broken Hills Mine       ### 4026
1402;154;63;11;Sunnyvale                ### 4027
1403;8;46;84;Great Wanamingo Mine       ### 4028
1404;22;224;210;Kokoweef Mine           ### 4029
1405;84;183;141;Morningstar Mine        ### 4030
1406;101;218;179;Dead Horse Point       ### 4031
1407;82;151;149;Hawthorne Army Depot    ### 4032
1408;166;132;27;Warrington              ### 4033
1409;109;226;89;Mama Dolces             ### 4034
1410;253;161;106;Gecko Reactor          ### 4035
1411;229;230;107;Steel Palace           ### 4036
1412;247;226;15;Regulators HQ           ### 4037
1413;8;52;86;Burney                     ### 4038
1414;104;27;208;D.C Mall                ### 4039
1415;82;47;11;Den Outpost               ### 4040
1416;235;207;125;Den West Side          ### 4041
1417;180;2;3;D.C Nukacola Factory       ### 4042
1418;214;196;229;Fort Constantine       ### 4043
1419;50;44;77;Meresti                   ### 4044
1420;114;113;134;Hopeville              ### 4045
1421;53;40;67;Ashton                    ### 4046
1422;148;208;241;Ulysses Temple         ### 4047
1423;184;249;30;Canyon wreckage         ### 4048
1424;255;135;250;Cave of Abaddon        ### 4049
1425;212;12;147;The Aerie               ### 4050
1426;184;113;79;Nellis Array            ### 4051
1427;104;243;249;Sloan                  ### 4052
1428;53;63;40;Vault 19                  ### 4053
1429;181;121;1;Greater Silent Pass      ### 4054
1430;181;121;0;Lesser Silent Pass       ### 4055
1431;181;121;3;Lonseome Pass            ### 4056
1432;181;121;2;Path of Hate             ### 4057
1433;4;51;246;Palus                     ### 2488
1434;169;2;145;Olimpia                  ### 2485
1435;0;101;0;Tena
1436;0;111;0;Silveri
1437;0;121;0;Alabast
1438;0;131;0;Cactin
1439;0;141;0;Soot
1440;0;151;0;Yutansi
1441;0;161;0;Zeban
1442;0;171;0;Gruten
1443;0;181;0;Pecan
1444;0;191;0;Besri
1445;10;101;0;Muwaj
1446;10;111;0;Philohen
1447;10;121;0;Illic
1448;10;131;0;Oddess
1449;10;141;0;Gotyu
1450;10;151;0;Hittin
1451;10;161;0;Arber
1452;10;171;0;Barrel
1453;10;181;0;Dustbucket
1454;10;191;0;Jintea
1455;20;101;0;Saam
1456;20;111;0;Spikeon
1457;20;121;0;Flamelash
1458;20;131;0;Cryst
1459;20;141;0;Burstcut
1460;20;151;0;Turnkey
1461;20;161;0;Yut
1462;20;171;0;Amberfall
1463;20;181;0;Shimmerway
1464;20;191;0;Galleria
1465;30;101;0;Tenji
1466;30;111;0;Candlesticks
1467;30;121;0;Oxbite
1468;30;131;0;Reedflow
1469;30;141;0;Blackrock
1470;30;151;0;Axfold
1471;30;161;0;Tushfin Valley
1472;30;171;0;Footori
1473;30;181;0;Rubyrise
1474;30;191;0;Abyss Falls
1475;40;101;0;Eli's Watch
1476;40;111;0;Burning Bush
1477;40;121;0;Fenno
1478;40;131;0;Ashhin
1479;40;141;0;Stefort
1480;40;151;0;Rivecon
1481;40;161;0;Copperbend
1482;40;171;0;Copperfell Mine
1483;40;181;0;Copperfell Watch
1484;40;191;0;Riverfall
1485;50;101;0;Eaglewatch
1486;50;111;0;Drumhill
1487;50;121;0;Oxenmine
1488;50;131;0;Nail's Scrapheap
1489;50;141;0;Tanfen Ranch
1490;50;151;0;Slimjim's Post
1491;50;161;0;The Circle
1492;50;171;0;Wilbur
1493;50;181;0;Sansiron
1494;50;191;0;Greymist
1495;60;101;0;Dustrock
1496;60;111;0;Unifo
1497;60;121;0;Yan's Passage
1498;60;131;0;Nobbenob
1499;60;141;0;Railfel
1500;0;100;150;SEA
1501;0;110;150;SEA
1502;0;120;150;SEA
1503;0;130;150;SEA
1504;0;140;150;SEA
1505;0;150;150;SEA
1506;0;160;150;SEA
1507;0;170;150;SEA
1508;0;180;150;SEA
1509;0;190;150;SEA
1510;0;200;150;SEA
1511;10;100;150;SEA
1512;10;110;150;SEA
1513;10;120;150;SEA
1514;10;130;150;SEA
1515;10;140;150;SEA
1516;10;150;150;SEA
1517;10;160;150;SEA
1518;10;170;150;SEA
1519;10;180;150;SEA
1520;10;190;150;SEA
1521;10;200;150;SEA
1522;20;100;150;SEA
1523;20;110;150;SEA
1524;20;120;150;SEA
1525;20;130;150;SEA
1526;20;140;150;SEA
1527;20;150;150;SEA
1528;20;160;150;SEA
1529;20;170;150;SEA
1530;20;180;150;SEA
1531;20;190;150;SEA
1532;20;200;150;SEA
1533;30;100;150;SEA
1534;30;110;150;SEA
1535;30;120;150;SEA
1536;30;130;150;SEA
1537;30;140;150;SEA
1538;30;150;150;SEA
1539;30;160;150;SEA
1540;30;170;150;SEA
1541;30;180;150;SEA
1542;30;190;150;SEA
1543;30;200;150;SEA
1544;40;100;150;SEA
1545;40;110;150;SEA
1546;40;120;150;SEA
1547;40;130;150;SEA
1548;40;140;150;SEA
1549;40;150;150;SEA
1550;40;160;150;SEA
1551;40;170;150;SEA
1552;40;180;150;SEA
1553;40;190;150;SEA
1554;40;200;150;SEA
1555;50;100;150;SEA
1556;50;110;150;SEA
1557;50;120;150;SEA
1558;50;130;150;SEA
1559;50;140;150;SEA
1560;50;150;150;SEA
1561;50;160;150;SEA
1562;50;170;150;SEA
1563;50;180;150;SEA
1564;50;190;150;SEA
1565;50;200;150;SEA
1566;0;100;155;SEA
1567;0;110;155;SEA
1568;0;120;155;SEA
1569;0;130;155;SEA
1570;0;140;155;SEA
1571;0;150;155;SEA
1572;0;160;155;SEA
1573;0;170;155;SEA
1574;0;180;155;SEA
1575;0;190;155;SEA
1576;0;200;155;SEA
1577;10;100;155;SEA
1578;10;110;155;SEA
1579;10;120;155;SEA
1580;10;130;155;SEA
1581;10;140;155;SEA
1582;10;150;155;SEA
1583;10;160;155;SEA
1584;10;170;155;SEA
1585;10;180;155;SEA
1586;10;190;155;SEA
1587;10;200;155;SEA
1588;20;100;155;SEA
1589;20;110;155;SEA
1590;20;120;155;SEA
1591;20;130;155;SEA
1592;20;140;155;SEA
1593;20;150;155;SEA
1594;20;160;155;SEA
1595;20;170;155;SEA
1596;20;180;155;SEA
1597;20;190;155;SEA
1598;20;200;155;SEA
1599;30;100;155;SEA
1600;30;110;155;SEA
1601;30;120;155;SEA
1602;30;130;155;SEA
1603;30;140;155;SEA
1604;30;150;155;SEA
1605;30;160;155;SEA
1606;30;170;155;SEA
1607;30;180;155;SEA
1608;30;190;155;SEA
1609;30;200;155;SEA
1610;40;100;155;SEA
1611;40;110;155;SEA
1612;40;120;155;SEA
1613;40;130;155;SEA
1614;40;140;155;SEA
1615;40;150;155;SEA
1616;40;160;155;SEA
1617;40;170;155;SEA
1618;40;180;155;SEA
1619;40;190;155;SEA
1620;40;200;155;SEA
1621;50;100;155;SEA
1622;50;110;155;SEA
1623;50;120;155;SEA
1624;50;130;155;SEA
1625;50;140;155;SEA
1626;50;150;155;SEA
1627;50;160;155;SEA
1628;50;170;155;SEA
1629;50;180;155;SEA
1630;50;190;155;SEA
1631;50;200;155;SEA
1632;0;100;160;SEA
1633;0;110;160;SEA
1634;0;120;160;SEA
1635;0;130;160;SEA
1636;0;140;160;SEA
1637;0;150;160;SEA
1638;0;160;160;SEA
1639;0;170;160;SEA
1640;0;180;160;SEA
1641;0;190;160;SEA
1642;0;200;160;SEA
1643;10;100;160;SEA
1644;10;110;160;SEA
1645;10;120;160;SEA
1646;10;130;160;SEA
1647;10;140;160;SEA
1648;10;150;160;SEA
1649;10;160;160;SEA
1650;10;170;160;SEA
1651;10;180;160;SEA
1652;10;190;160;SEA
1653;10;200;160;SEA
1654;20;100;160;SEA
1655;20;110;160;SEA
1656;20;120;160;SEA
1657;20;130;160;SEA
1658;20;140;160;SEA
1659;20;150;160;SEA
1660;20;160;160;SEA
1661;20;170;160;SEA
1662;20;180;160;SEA
1663;20;190;160;SEA
1664;20;200;160;SEA
1665;30;100;160;SEA
1666;30;110;160;SEA
1667;30;120;160;SEA
1668;30;130;160;SEA
1669;30;140;160;SEA
1670;30;150;160;SEA
1671;30;160;160;SEA
1672;30;170;160;SEA
1673;30;180;160;SEA
1674;30;190;160;SEA
1675;30;200;160;SEA
1676;40;100;160;SEA
1677;40;110;160;SEA
1678;40;120;160;SEA
1679;40;130;160;SEA
1680;40;140;160;SEA
1681;40;150;160;SEA
1682;40;160;160;SEA
1683;40;170;160;SEA
1684;40;180;160;SEA
1685;40;190;160;SEA
1686;40;200;160;SEA
1687;50;100;160;SEA
1688;50;110;160;SEA
1689;50;120;160;SEA
1690;50;130;160;SEA
1691;50;140;160;SEA
1692;50;150;160;SEA
1693;50;160;160;SEA
1694;50;170;160;SEA
1695;50;180;160;SEA
1696;50;190;160;SEA
1697;50;200;160;SEA
1698;0;100;165;SEA
1699;0;110;165;SEA
1700;0;120;165;SEA
1701;0;130;165;SEA
1702;0;140;165;SEA
1703;0;150;165;SEA
1704;0;160;165;SEA
1705;0;170;165;SEA
1706;0;180;165;SEA
1707;0;190;165;SEA
1708;0;200;165;SEA
1709;10;100;165;SEA
1710;10;110;165;SEA
1711;10;120;165;SEA
1712;10;130;165;SEA
1713;10;140;165;SEA
1714;10;150;165;SEA
1715;10;160;165;SEA
1716;10;170;165;SEA
1717;10;180;165;SEA
1718;10;190;165;SEA
1719;10;200;165;SEA
1720;20;100;165;SEA
1721;20;110;165;SEA
1722;20;120;165;SEA
1723;20;130;165;SEA
1724;20;140;165;SEA
1725;20;150;165;SEA
1726;20;160;165;SEA
1727;20;170;165;SEA
1728;20;180;165;SEA
1729;20;190;165;SEA
1730;20;200;165;SEA
1731;30;100;165;SEA
1732;30;110;165;SEA
1733;30;120;165;SEA
1734;30;130;165;SEA
1735;30;140;165;SEA
1736;30;150;165;SEA
1737;30;160;165;SEA
1738;30;170;165;SEA
1739;30;180;165;SEA
1740;30;190;165;SEA
1741;30;200;165;SEA
1742;40;100;165;SEA
1743;40;110;165;SEA
1744;40;120;165;SEA
1745;40;130;165;SEA
1746;40;140;165;SEA
1747;40;150;165;SEA
1748;40;160;165;SEA
1749;40;170;165;SEA
1750;40;180;165;SEA
1751;40;190;165;SEA
1752;40;200;165;SEA
1753;50;100;165;SEA
1754;50;110;165;SEA
1755;50;120;165;SEA
1756;50;130;165;SEA
1757;50;140;165;SEA
1758;50;150;165;SEA
1759;50;160;165;SEA
1760;50;170;165;SEA
1761;50;180;165;SEA
1762;50;190;165;SEA
1763;50;200;165;SEA
1764;0;100;170;SEA
1765;0;110;170;SEA
1766;0;120;170;SEA
1767;0;130;170;SEA
1768;0;140;170;SEA
1769;0;150;170;SEA
1770;0;160;170;SEA
1771;0;170;170;SEA
1772;0;180;170;SEA
1773;0;190;170;SEA
1774;0;200;170;SEA
1775;10;100;170;SEA
1776;10;110;170;SEA
1777;10;120;170;SEA
1778;10;130;170;SEA
1779;10;140;170;SEA
1780;10;150;170;SEA
1781;10;160;170;SEA
1782;10;170;170;SEA
1783;10;180;170;SEA
1784;10;190;170;SEA
1785;10;200;170;SEA
1786;20;100;170;SEA
1787;20;110;170;SEA
1788;20;120;170;SEA
1789;20;130;170;SEA
1790;20;140;170;SEA
1791;20;150;170;SEA
1792;20;160;170;SEA
1793;20;170;170;SEA
1794;20;180;170;SEA
1795;20;190;170;SEA
1796;20;200;170;SEA
1797;30;100;170;SEA
1798;30;110;170;SEA
1799;30;120;170;SEA
1800;30;130;170;SEA
1801;30;140;170;SEA
1802;30;150;170;SEA
1803;30;160;170;SEA
1804;30;170;170;SEA
1805;30;180;170;SEA
1806;30;190;170;SEA
1807;30;200;170;SEA
1808;40;100;170;SEA
1809;40;110;170;SEA
1810;40;120;170;SEA
1811;40;130;170;SEA
1812;40;140;170;SEA
1813;40;150;170;SEA
1814;40;160;170;SEA
1815;40;170;170;SEA
1816;40;180;170;SEA
1817;40;190;170;SEA
1818;40;200;170;SEA
1819;50;100;170;SEA
1820;50;110;170;SEA
1821;50;120;170;SEA
1822;50;130;170;SEA
1823;50;140;170;SEA
1824;50;150;170;SEA
1825;50;160;170;SEA
1826;50;170;170;SEA
1827;50;180;170;SEA
1828;50;190;170;SEA
1829;50;200;170;SEA
1830;0;100;175;SEA
1831;0;110;175;SEA
1832;0;120;175;SEA
1833;0;130;175;SEA
1834;0;140;175;SEA
1835;0;150;175;SEA
1836;0;160;175;SEA
1837;0;170;175;SEA
1838;0;180;175;SEA
1839;0;190;175;SEA
1840;0;200;175;SEA
1841;10;100;175;SEA
1842;10;110;175;SEA
1843;10;120;175;SEA
1844;10;130;175;SEA
1845;10;140;175;SEA
1846;10;150;175;SEA
1847;10;160;175;SEA
1848;10;170;175;SEA
1849;10;180;175;SEA
1850;10;190;175;SEA
1851;10;200;175;SEA
1852;20;100;175;SEA
1853;20;110;175;SEA
1854;20;120;175;SEA
1855;20;130;175;SEA
1856;20;140;175;SEA
1857;20;150;175;SEA
1858;20;160;175;SEA
1859;20;170;175;SEA
1860;20;180;175;SEA
1861;20;190;175;SEA
1862;20;200;175;SEA
1863;30;100;175;SEA
1864;30;110;175;SEA
1865;30;120;175;SEA
1866;30;130;175;SEA
1867;30;140;175;SEA
1868;30;150;175;SEA
1869;30;160;175;SEA
1870;30;170;175;SEA
1871;30;180;175;SEA
1872;30;190;175;SEA
1873;30;200;175;SEA
1874;40;100;175;SEA
1875;40;110;175;SEA
1876;40;120;175;SEA
1877;40;130;175;SEA
1878;40;140;175;SEA
1879;40;150;175;SEA
1880;40;160;175;SEA
1881;40;170;175;SEA
1882;40;180;175;SEA
1883;40;190;175;SEA
1884;40;200;175;SEA
1885;50;100;175;SEA
1886;50;110;175;SEA
1887;50;120;175;SEA
1888;50;130;175;SEA
1889;50;140;175;SEA
1890;50;150;175;SEA
1891;50;160;175;SEA
1892;50;170;175;SEA
1893;50;180;175;SEA
1894;50;190;175;SEA
1895;50;200;175;SEA
1896;0;100;180;SEA
1897;0;110;180;SEA
1898;0;120;180;SEA
1899;0;130;180;SEA
1900;0;140;180;SEA
1901;0;150;180;SEA
1902;0;160;180;SEA
1903;0;170;180;SEA
1904;0;180;180;SEA
1905;0;190;180;LAKE
1906;0;200;180;LAKE
1907;10;100;180;LAKE
1908;10;110;180;LAKE
1909;10;120;180;LAKE
1910;10;110;0;Ensenada
1911;0;115;0;Vidal
1912;0;125;0;Cedar
1913;0;135;0;McConnico
1914;0;145;0;Yucca
1915;0;155;0;Needles
1916;0;165;0;Desert Hills
1917;0;175;0;Havasu City
1918;0;185;0;Goffs
1919;0;195;0;Lanfair
1920;10;105;0;Ashford Junction
1921;10;115;0;Baker
1922;10;125;0;Valley Wells
1923;10;135;0;Ridgecrest
1924;10;145;0;Coso Junction
1925;10;155;0;Lone Pine
1926;10;165;0;Big Pine
1927;10;175;0;Boron
1928;10;185;0;Cantil
1929;10;195;0;Scrapheap
1930;20;105;0;Stallion Springs
1931;20;115;0;Mojave
1932;20;125;0;Quartz Hill
1933;20;135;0;Edwards AFB
1934;20;145;0;Hesperia
1935;20;155;0;Lucerne Valley
1936;20;165;0;Newberry Springs
1937;20;175;0;Route 95
1938;20;185;0;Irradiated Flats
1939;20;195;0;Ivanpah
1940;30;105;0;Hart
1941;30;115;0;Danbi
1942;30;125;0;Kelso
1943;30;135;0;Fenner
1944;30;145;0;Borrego
1945;30;155;0;Johnson Valley
1946;30;165;0;Desert Heights
1947;30;175;0;Joshua Tree
1948;30;185;0;Palo Verde
1949;30;195;0;Calipatria
1950;40;105;0;Slab City
1951;40;115;0;Salton City
1952;40;125;0;Plaster City
1953;40;135;0;El Centro
1954;40;145;0;Mexicali
1955;40;155;0;Delta
1956;40;165;0;Morelos
1957;40;175;0;Acolita
1958;40;185;0;Glowing Pass
1959;40;195;0;Bonepass # New
1960;50;105;0;Isle of San Miguel
1961;50;115;0;Isle of Santa Rosa
1962;50;125;0;Isle of Santa Cruz 
1963;50;135;0;Isle of Santa Catalina
1964;50;145;0;Isle of San Clemente 
1965;50;155;0;Isla de Cedros
1966;50;165;0;Isla Angel
1967;50;175;0;Isla Tiburon
1968;50;185;0;Isle of San Nicolas # New
1969;250;0;0;WASTELAND
1970;250;5;0;WASTELAND
1971;250;10;0;WASTELAND
1972;250;15;0;WASTELAND
1973;250;20;0;WASTELAND
1974;250;25;0;WASTELAND
1975;250;30;0;WASTELAND
1976;250;35;0;WASTELAND
1977;250;40;0;WASTELAND
1978;250;45;0;WASTELAND
1979;250;50;0;WASTELAND
1980;250;55;0;WASTELAND
1981;250;60;0;WASTELAND
1982;250;65;0;WASTELAND
1983;250;70;0;WASTELAND
1984;250;75;0;WASTELAND
1985;250;80;0;WASTELAND
1986;250;85;0;WASTELAND
1987;250;90;0;WASTELAND
1988;250;95;0;WASTELAND
1989;250;100;0;WASTELAND
1990;250;105;0;WASTELAND
1991;250;110;0;WASTELAND
1992;250;115;0;WASTELAND
1993;250;120;0;WASTELAND
1994;250;125;0;WASTELAND
1995;250;130;0;WASTELAND
1996;250;135;0;WASTELAND
1997;250;140;0;WASTELAND
1998;250;145;0;WASTELAND
1999;250;150;0;WASTELAND
2000;251;0;0;WASTELAND
2001;251;5;0;WASTELAND
2002;251;10;0;WASTELAND
2003;251;15;0;WASTELAND
2004;251;20;0;WASTELAND
2005;251;25;0;WASTELAND
2006;251;30;0;WASTELAND
2007;251;35;0;WASTELAND
2008;251;40;0;WASTELAND
2009;251;45;0;WASTELAND
2010;251;50;0;WASTELAND
2011;251;55;0;WASTELAND
2012;251;60;0;WASTELAND
2013;251;65;0;WASTELAND
2014;251;70;0;WASTELAND
2015;251;75;0;WASTELAND
2016;251;80;0;WASTELAND
2017;251;85;0;WASTELAND
2018;251;90;0;WASTELAND
2019;251;95;0;WASTELAND
2020;251;100;0;WASTELAND
2021;251;105;0;WASTELAND
2022;251;110;0;WASTELAND
2023;251;115;0;WASTELAND
2024;251;120;0;WASTELAND
2025;251;125;0;WASTELAND
2026;251;130;0;WASTELAND
2027;251;135;0;WASTELAND
2028;251;140;0;WASTELAND
2029;251;145;0;WASTELAND
2030;251;150;0;WASTELAND
2031;252;0;0;WASTELAND
2032;252;5;0;WASTELAND
2033;252;10;0;WASTELAND
2034;252;15;0;WASTELAND
2035;252;20;0;WASTELAND
2036;252;25;0;WASTELAND
2037;252;30;0;WASTELAND
2038;252;35;0;WASTELAND
2039;252;40;0;WASTELAND
2040;252;45;0;WASTELAND
2041;252;50;0;WASTELAND
2042;252;55;0;WASTELAND
2043;252;60;0;WASTELAND
2044;252;65;0;WASTELAND
2045;252;70;0;WASTELAND
2046;252;75;0;WASTELAND
2047;252;80;0;WASTELAND
2048;252;85;0;WASTELAND
2049;252;90;0;WASTELAND
2050;252;95;0;WASTELAND
2051;252;100;0;WASTELAND
2052;252;105;0;WASTELAND
2053;252;110;0;WASTELAND
2054;252;115;0;WASTELAND
2055;252;120;0;WASTELAND